顯卡型號,報告日期,最低價格,最高價格,平均價格
GeForce RTX 3060,2021-09-15,399.99,1099.0,744.52
GeForce RTX 3060,2021-09-23,399.99,1099.0,730.1
GeForce RTX 3060,2021-10-01,399.99,1099.0,715.53
GeForce RTX 3060,2021-10-08,399.99,1099.0,721.45
GeForce RTX 3060,2021-10-15,399.99,1136.0,707.05
GeForce RTX 3060,2021-10-23,399.99,1136.0,728.11
GeForce RTX 3060,2021-11-01,399.99,1136.0,699.97
GeForce RTX 3060,2021-11-08,399.99,1136.0,692.21
GeForce RTX 3060,2021-11-15,459.99,1099.99,760.53
GeForce RTX 3060,2021-11-23,489.99,1188.99,833.97
GeForce RTX 3060,2021-12-01,459.99,1149.0,838.63
GeForce RTX 3060,2021-12-08,459.99,1249.99,897.56
GeForce RTX 3060,2021-12-15,459.99,1235.97,857.48
GeForce RTX 3060,2021-12-23,459.99,1158.0,847.79
GeForce RTX 3060,2022-01-01,828.54,1099.0,959.61
GeForce RTX 3060,2022-01-08,853.88,1062.85,923.44
GeForce RTX 3060,2022-01-15,828.04,1062.85,924.2
GeForce RTX 3060,2022-01-23,689.99,1062.85,890.5
GeForce RTX 3060,2022-02-01,802.99,1038.91,882.64
GeForce RTX 3060,2022-02-08,790.99,999.99,873.6
GeForce RTX 3060,2022-02-15,624.95,1062.85,865.57
GeForce RTX 3060,2022-02-23,624.95,1038.91,837.38
GeForce RTX 3060,2022-03-01,702.0,999.99,840.78
GeForce RTX 3060,2022-03-08,539.99,1038.91,787.01
GeForce RTX 3060,2022-03-15,529.99,999.99,766.83
GeForce RTX 3060,2022-03-23,529.99,1125.99,783.62
GeForce RTX 3060,2022-04-01,499.99,938.0,710.87
GeForce RTX 3060,2022-04-08,479.99,1027.24,663.76
GeForce RTX 3060,2022-04-15,399.99,1027.38,673.68
GeForce RTX 3060,2022-04-23,399.99,997.0,659.26
GeForce RTX 3060,2022-05-01,488.99,997.0,662.44
GeForce RTX 3060,2022-05-08,459.99,997.0,621.77
GeForce RTX 3060,2022-05-15,479.99,846.99,599.61
GeForce RTX 3060,2022-05-23,439.99,846.99,569.53
GeForce RTX 3060,2022-06-01,399.99,846.99,544.62
GeForce RTX 3060,2022-06-08,399.99,818.99,526.72
GeForce RTX 3060,2022-06-15,387.49,699.0,494.29
GeForce RTX 3060,2022-06-23,379.99,699.0,493.58
GeForce RTX 3060,2022-07-01,384.99,699.0,487.81
GeForce RTX 3060,2022-07-08,384.99,699.0,482.14
GeForce RTX 3060,2022-07-15,384.99,589.99,460.81
GeForce RTX 3060,2022-07-23,331.99,559.0,450.4
GeForce RTX 3060,2022-08-01,369.99,579.0,451.2
GeForce RTX 3060,2022-08-08,369.99,589.99,443.56
GeForce RTX 3060,2022-08-15,369.99,648.0,448.56
GeForce RTX 3060,2022-08-23,369.99,589.99,442.9
GeForce RTX 3060,2022-09-01,369.99,649.99,444.34
GeForce RTX 3060,2022-09-08,369.48,589.99,434.44
GeForce RTX 3060,2022-09-15,369.99,599.99,436.54
GeForce RTX 3060,2022-09-23,369.48,589.99,437.3
GeForce RTX 3060,2022-10-01,369.99,549.99,424.62
GeForce RTX 3060,2022-10-08,369.48,560.99,429.73
GeForce RTX 3060,2022-10-15,358.05,549.99,422.06
GeForce RTX 3060,2022-10-23,369.0,549.99,421.62
GeForce RTX 3060,2022-11-01,354.99,549.99,419.4
GeForce RTX 3060,2022-11-08,354.99,579.0,423.29
GeForce RTX 3060,2022-11-15,369.39,579.0,426.89
GeForce RTX 3060,2022-11-23,335.99,614.94,429.52
GeForce RTX 3060,2022-12-01,369.0,590.99,429.71
GeForce RTX 3060,2022-12-08,359.99,509.9,411.77
GeForce RTX 3060,2022-12-15,353.99,554.83,413.94
GeForce RTX 3060,2022-12-23,349.99,579.0,414.28
GeForce RTX 3060,2023-01-01,349.99,549.99,424.87
GeForce RTX 3060,2023-01-08,349.99,599.95,437.69
GeForce RTX 3060,2023-01-15,349.99,589.0,432.91
GeForce RTX 3060,2023-01-23,349.99,549.99,420.8
GeForce RTX 3060,2023-02-01,349.99,549.99,417.16
GeForce RTX 3060,2023-02-08,348.59,549.99,419.48
GeForce RTX 3060,2023-02-15,349.99,549.99,421.83
GeForce RTX 3060,2023-02-23,349.99,549.99,412.47
GeForce RTX 3060,2023-03-01,349.99,576.22,415.77
GeForce RTX 3060,2023-03-08,349.99,576.22,411.03
GeForce RTX 3060,2023-03-15,342.99,510.0,402.4
GeForce RTX 3060,2023-03-23,342.99,549.99,402.33
GeForce RTX 3060,2023-04-01,329.99,559.99,402.97
GeForce RTX 3060,2023-04-08,324.99,519.99,396.1
GeForce RTX 3060,2023-04-15,324.99,549.9,400.4
GeForce RTX 3060,2023-04-23,324.99,469.9,382.63
GeForce RTX 3060,2023-05-01,348.83,440.99,378.12
GeForce RTX 3060,2023-05-08,339.99,440.99,376.88
GeForce RTX 3060,2023-05-15,339.99,440.99,375.51
GeForce RTX 3060,2023-05-23,314.99,459.99,376.43
GeForce RTX 3060,2023-06-01,289.99,549.9,367.44
GeForce RTX 3060,2023-06-08,279.99,589.0,372.57
GeForce RTX 3060,2023-06-15,279.99,599.0,371.28
GeForce RTX 3060,2023-06-23,279.99,519.99,341.49
GeForce RTX 3060,2023-07-01,279.99,539.99,349.83
GeForce RTX 3060,2023-07-08,279.99,499.99,342.92
GeForce RTX 3060,2023-07-15,279.99,495.97,338.76
GeForce RTX 3060,2023-07-23,279.95,556.49,350.9
GeForce RTX 3060,2023-08-01,279.95,539.0,354.13
GeForce RTX 3060,2023-08-08,264.99,548.5,344.58
GeForce RTX 3060,2023-08-15,259.99,479.99,333.21
GeForce RTX 3060,2023-08-23,259.99,459.99,324.93
GeForce RTX 3060,2023-09-01,259.99,479.99,329.2
GeForce RTX 3060,2023-09-08,259.99,479.99,338.76
GeForce RTX 3060,2023-09-15,259.99,559.91,364.76
GeForce RTX 3060,2023-09-23,279.95,669.99,381.43
GeForce RTX 3060,2023-10-01,249.99,649.99,375.83
GeForce RTX 3060,2023-10-08,249.99,669.99,376.35
GeForce RTX 3060,2023-10-15,279.95,649.99,371.71
GeForce RTX 3060,2023-10-23,279.95,668.0,375.25
GeForce RTX 3060,2023-11-01,279.99,649.99,369.6
GeForce RTX 3060,2023-11-08,249.94,561.59,353.49
GeForce RTX 3060,2023-11-15,249.99,649.99,382.0
GeForce RTX 3060,2023-11-23,249.99,649.99,392.41
GeForce RTX 3060,2023-12-01,289.39,699.93,412.1
GeForce RTX 3060,2023-12-08,279.99,699.93,399.13
GeForce RTX 3060,2023-12-15,289.39,649.99,392.97
GeForce RTX 3060,2023-12-23,289.39,649.99,402.09
GeForce RTX 3060,2024-01-01,279.95,649.99,400.76
GeForce RTX 3060,2024-01-08,289.39,649.99,411.43
GeForce RTX 3060,2024-01-15,279.95,655.0,407.1
GeForce RTX 3060,2024-01-23,289.39,653.84,409.25
GeForce RTX 3060,2024-02-01,289.39,649.99,405.71
GeForce RTX 3060,2024-02-08,289.39,649.99,400.16
GeForce RTX 3060,2024-02-15,289.39,699.93,407.44
GeForce RTX 3060,2024-02-23,289.99,699.99,410.75
GeForce RTX 3060,2024-03-01,289.99,699.99,411.59
GeForce RTX 3060,2024-03-08,289.99,699.99,405.65
GeForce RTX 3060,2024-03-15,289.99,690.0,398.12
GeForce RTX 3060,2024-03-23,289.99,669.99,398.04
GeForce RTX 3060,2024-04-01,289.99,640.35,399.04
GeForce RTX 3060,2024-04-08,289.99,671.75,390.52
GeForce RTX 3060,2024-04-15,279.99,700.0,393.01
GeForce RTX 3060,2024-04-23,269.99,680.0,371.01
GeForce RTX 3060,2024-05-01,289.99,479.99,361.61
GeForce RTX 3060,2024-05-08,289.99,479.99,354.66
GeForce RTX 3060,2024-05-15,288.0,499.99,357.19
GeForce RTX 3060,2024-05-23,288.0,579.0,365.58
GeForce RTX 3060,2024-06-01,285.0,549.99,368.01
GeForce RTX 3060,2024-06-08,285.0,549.99,357.43
GeForce RTX 3060,2024-06-15,285.0,549.99,358.63
GeForce RTX 3060,2024-06-23,285.0,499.99,346.15
GeForce RTX 3060,2024-07-01,284.34,499.99,350.71
GeForce RTX 3060,2024-07-08,274.36,499.99,341.09
GeForce RTX 3060,2024-07-15,279.99,499.99,341.0
GeForce RTX 3060,2024-07-23,284.34,499.99,345.6
GeForce RTX 3060,2024-08-01,284.34,499.99,345.41
GeForce RTX 3060,2024-08-08,279.99,529.99,348.93
GeForce RTX 3060,2024-08-15,284.34,565.0,366.76
GeForce RTX 3060,2024-08-23,284.34,574.95,366.29
GeForce RTX 3060,2024-09-01,269.98,589.0,364.0
GeForce RTX 3060,2024-09-08,269.98,589.0,372.6
GeForce RTX 3060,2024-09-15,260.0,589.0,368.39
GeForce RTX 3060,2024-09-23,269.98,670.0,367.95
GeForce RTX 3060,2024-10-01,259.99,529.99,354.12
GeForce RTX 3060,2024-10-08,254.99,529.99,350.84
GeForce RTX 3060,2024-10-15,279.99,549.99,364.17
GeForce RTX 3060,2024-10-23,284.97,549.99,368.54
GeForce RTX 3060,2024-11-01,279.99,549.99,359.99
GeForce RTX 3060,2024-11-08,279.99,589.0,364.67
GeForce RTX 3060,2024-11-15,284.97,589.0,368.54
GeForce RTX 3060,2024-11-23,264.99,589.0,361.88
GeForce RTX 3060,2024-12-01,279.97,589.0,370.98
GeForce RTX 3060,2024-12-08,280.34,700.0,387.24
GeForce RTX 3060,2024-12-15,278.99,700.0,393.11
GeForce RTX 3060,2024-12-23,279.99,700.0,393.33
GeForce RTX 3060,2025-01-01,279.99,700.0,399.14
GeForce RTX 3060,2025-01-08,279.99,670.0,390.09
GeForce RTX 3060,2025-01-15,279.97,699.99,380.95
GeForce RTX 3060,2025-01-23,274.99,699.99,391.99
GeForce RTX 3060,2025-02-01,289.99,699.99,417.88
GeForce RTX 3060,2025-02-08,289.99,699.99,401.87
GeForce RTX 3060,2025-02-15,299.99,699.99,402.07
GeForce RTX 3060,2025-02-23,299.99,768.88,430.55
GeForce RTX 3060,2025-03-01,299.99,699.99,436.97
GeForce RTX 3060,2025-03-08,299.99,690.0,425.84
GeForce RTX 3060,2025-03-15,299.99,699.99,434.85
GeForce RTX 3060,2025-03-23,299.99,699.99,430.36
GeForce RTX 3060,2025-04-01,299.99,699.99,427.4
GeForce RTX 3060,2025-04-08,299.99,699.99,426.19
GeForce RTX 3060,2025-04-15,299.99,699.99,421.91
GeForce RTX 3060,2025-04-23,299.99,599.99,393.52
GeForce RTX 3060,2025-05-01,299.99,699.99,440.32
GeForce RTX 3060,2025-05-08,299.99,699.99,448.98
GeForce RTX 3060,2025-05-15,299.99,699.99,441.23
GeForce RTX 3060,2025-05-23,299.99,699.99,445.16
GeForce RTX 3060,2025-06-01,299.99,787.68,465.65
GeForce RTX 3060,2025-06-08,299.99,787.68,462.72
GeForce RTX 3060,2025-06-15,299.99,787.68,458.16
GeForce RTX 3060,2025-06-23,299.97,699.99,429.43
GeForce RTX 3060,2025-07-01,299.99,699.99,426.08
GeForce RTX 3060,2025-07-08,249.99,699.99,407.26
GeForce RTX 3060,2025-07-15,249.99,699.99,408.44
GeForce RTX 3060,2025-07-23,249.99,748.97,412.22
GeForce RTX 3060,2025-08-01,249.99,748.97,422.77
GeForce RTX 3060,2025-08-08,249.99,699.99,394.33
GeForce RTX 3060,2025-08-15,249.99,699.99,395.02
GeForce RTX 3060,2025-08-23,249.99,748.97,416.55
GeForce RTX 3060,2025-09-01,249.99,748.97,415.54
GeForce RTX 3060,2025-09-08,249.99,748.97,416.25
GeForce RTX 3060,2025-09-15,269.99,748.97,417.07
GeForce RTX 3060,2025-09-23,269.99,748.97,404.15
GeForce RTX 3060,2025-10-01,269.99,699.99,390.99
GeForce RTX 3060,2025-10-08,249.99,699.99,386.75
GeForce RTX 3060,2025-10-15,269.99,748.97,405.99
GeForce RTX 3060,2025-10-23,249.99,695.0,378.42
GeForce RTX 3060,2025-11-01,249.99,699.99,381.02
GeForce RTX 3060,2025-11-08,249.99,699.99,380.04
GeForce RTX 3060,2025-11-15,249.99,699.99,379.64
GeForce RTX 3060,2025-11-23,249.99,695.0,379.73
GeForce RTX 3060,2025-12-01,249.99,748.97,386.82
GeForce RTX 3060,2025-12-08,259.99,699.99,398.72
GeForce RTX 3060,2025-12-15,259.99,647.98,386.66
GeForce RTX 3060,2025-12-23,275.99,647.98,383.07
GeForce RTX 3060,2026-01-01,249.99,679.99,404.9
GeForce RTX 3060,2026-01-08,249.99,679.99,427.82
GeForce RTX 3060,2026-01-15,249.99,679.99,411.28
GeForce RTX 3060,2026-01-23,249.99,679.99,403.3
GeForce RTX 3060,2026-02-01,249.99,679.99,420.5
GeForce RTX 3060,2026-02-08,249.99,679.99,416.24
GeForce RTX 3060,2026-02-15,249.99,679.99,401.93
GeForce RTX 3060,2026-02-23,249.99,679.99,409.91
GeForce RTX 3060,2026-03-01,249.99,599.99,398.33
GeForce RTX 3060,2026-03-08,249.99,599.99,392.87
GeForce RTX 3060,2026-03-15,249.99,599.99,396.29
GeForce RTX 3060,2026-03-23,249.99,599.99,391.98
GeForce RTX 3060,2026-04-01,249.99,599.99,391.98
GeForce RTX 3060,2026-04-08,249.99,549.99,378.98
GeForce RTX 3060,2026-04-15,249.99,595.89,392.37
GeForce RTX 3060,2026-04-23,249.99,679.99,410.29
GeForce RTX 3060,2026-05-01,249.99,529.99,395.03
GeForce RTX 3060,2026-05-08,249.99,529.99,402.07
GeForce RTX 3060,2026-05-15,249.99,529.99,398.52
GeForce RTX 3060,2026-05-23,249.99,679.99,413.11
GeForce RTX 3060,2026-06-01,249.99,529.99,383.65
GeForce RTX 3060,2026-06-08,249.99,529.99,382.19
GeForce RTX 3060,2026-06-15,249.99,529.99,383.89
GeForce RTX 3060,2026-06-23,249.99,529.99,383.25
GeForce RTX 3060,2026-07-01,249.99,529.99,380.14
GeForce RTX 3060,2026-07-08,249.99,529.99,378.21
GeForce RTX 3060,2026-07-15,249.99,529.99,382.9
GeForce RTX 3060,2026-07-23,249.99,529.99,379.45
GeForce RTX 3060,2026-08-01,249.99,529.99,390.27
GeForce RTX 3060,2026-08-08,249.99,529.99,430.52
GeForce RTX 3060,2026-08-15,459.99,529.99,498.06
GeForce RTX 3060,2026-08-23,459.99,519.99,487.17
GeForce RTX 3060,2026-09-01,459.99,519.99,486.04
GeForce RTX 3060,2026-09-08,459.99,520.0,492.29
GeForce RTX 4070 Ti SUPER,2024-02-01,799.99,969.99,852.12
GeForce RTX 4070 Ti SUPER,2024-02-08,799.99,949.99,851.13
GeForce RTX 4070 Ti SUPER,2024-02-15,799.99,949.99,847.61
GeForce RTX 4070 Ti SUPER,2024-02-23,799.99,949.99,849.81
GeForce RTX 4070 Ti SUPER,2024-03-01,799.99,949.99,845.22
GeForce RTX 4070 Ti SUPER,2024-03-08,799.99,949.99,851.95
GeForce RTX 4070 Ti SUPER,2024-03-15,799.99,949.99,854.37
GeForce RTX 4070 Ti SUPER,2024-03-23,789.99,961.4,847.75
GeForce RTX 4070 Ti SUPER,2024-04-01,799.99,949.99,853.54
GeForce RTX 4070 Ti SUPER,2024-04-08,799.99,949.99,849.99
GeForce RTX 4070 Ti SUPER,2024-04-15,799.99,949.99,852.23
GeForce RTX 4070 Ti SUPER,2024-04-23,789.99,949.99,852.71
GeForce RTX 4070 Ti SUPER,2024-05-01,779.99,949.99,850.65
GeForce RTX 4070 Ti SUPER,2024-05-08,789.99,949.99,854.66
GeForce RTX 4070 Ti SUPER,2024-05-15,789.99,949.99,850.21
GeForce RTX 4070 Ti SUPER,2024-05-23,749.99,949.99,848.1
GeForce RTX 4070 Ti SUPER,2024-06-01,789.99,949.99,848.64
GeForce RTX 4070 Ti SUPER,2024-06-08,790.99,929.99,838.59
GeForce RTX 4070 Ti SUPER,2024-06-15,789.99,899.99,831.84
GeForce RTX 4070 Ti SUPER,2024-06-23,769.0,929.99,832.66
GeForce RTX 4070 Ti SUPER,2024-07-01,769.0,899.99,829.96
GeForce RTX 4070 Ti SUPER,2024-07-08,769.99,949.99,837.74
GeForce RTX 4070 Ti SUPER,2024-07-15,759.99,929.99,830.69
GeForce RTX 4070 Ti SUPER,2024-07-23,769.0,929.99,837.35
GeForce RTX 4070 Ti SUPER,2024-08-01,769.0,971.99,845.68
GeForce RTX 4070 Ti SUPER,2024-08-08,779.99,982.99,845.62
GeForce RTX 4070 Ti SUPER,2024-08-15,779.99,1016.61,853.44
GeForce RTX 4070 Ti SUPER,2024-08-23,779.99,982.99,849.71
GeForce RTX 4070 Ti SUPER,2024-09-01,779.99,991.54,852.92
GeForce RTX 4070 Ti SUPER,2024-09-08,779.99,959.99,851.74
GeForce RTX 4070 Ti SUPER,2024-09-15,779.99,977.73,852.07
GeForce RTX 4070 Ti SUPER,2024-09-23,779.0,977.23,854.13
GeForce RTX 4070 Ti SUPER,2024-10-01,789.99,977.23,855.13
GeForce RTX 4070 Ti SUPER,2024-10-08,749.99,977.23,848.86
GeForce RTX 4070 Ti SUPER,2024-10-15,784.99,949.99,852.35
GeForce RTX 4070 Ti SUPER,2024-10-23,769.99,949.99,851.82
GeForce RTX 4070 Ti SUPER,2024-11-01,769.99,949.99,849.54
GeForce RTX 4070 Ti SUPER,2024-11-08,789.99,999.99,854.2
GeForce RTX 4070 Ti SUPER,2024-11-15,739.99,967.8,842.99
GeForce RTX 4070 Ti SUPER,2024-11-23,719.99,949.99,833.93
GeForce RTX 4070 Ti SUPER,2024-12-01,719.99,983.99,838.04
GeForce RTX 4070 Ti SUPER,2024-12-08,719.99,999.99,846.86
GeForce RTX 4070 Ti SUPER,2024-12-15,799.99,1089.99,868.78
GeForce RTX 4070 Ti SUPER,2024-12-23,799.99,999.99,865.55
GeForce RTX 4070 Ti SUPER,2025-01-01,799.99,1348.9,942.17
GeForce RTX 4070 Ti SUPER,2025-01-08,799.99,1422.9,980.39
GeForce RTX 4070 Ti SUPER,2025-01-15,799.99,1398.99,993.42
GeForce RTX 4070 Ti SUPER,2025-01-23,794.99,1398.88,1013.6
GeForce RTX 4070 Ti SUPER,2025-02-01,799.99,1796.98,1206.11
GeForce RTX 4070 Ti SUPER,2025-02-08,799.99,1778.2,1112.35
GeForce RTX 4070 Ti SUPER,2025-02-15,799.99,1698.0,1154.59
GeForce RTX 4070 Ti SUPER,2025-02-23,799.99,1698.0,1201.93
GeForce RTX 4070 Ti SUPER,2025-03-01,799.99,1680.16,1202.4
GeForce RTX 4070 Ti SUPER,2025-03-08,799.99,1698.0,1198.6
GeForce RTX 4070 Ti SUPER,2025-03-15,799.99,1698.0,1180.04
GeForce RTX 4070 Ti SUPER,2025-03-23,799.99,1698.0,1198.78
GeForce RTX 4070 Ti SUPER,2025-04-01,799.99,1698.0,1211.53
GeForce RTX 4070 Ti SUPER,2025-04-08,799.99,1698.0,1169.17
GeForce RTX 4070 Ti SUPER,2025-04-15,799.99,1699.99,1140.41
GeForce RTX 4070 Ti SUPER,2025-04-23,799.99,1629.99,1101.02
GeForce RTX 4070 Ti SUPER,2025-05-01,799.99,1629.99,1115.85
GeForce RTX 4070 Ti SUPER,2025-05-08,799.99,1698.0,1171.91
GeForce RTX 4070 Ti SUPER,2025-05-15,799.99,1695.0,1146.18
GeForce RTX 4070 Ti SUPER,2025-05-23,799.99,1695.0,1217.65
GeForce RTX 4070 Ti SUPER,2025-06-01,799.99,1695.0,1185.23
GeForce RTX 4070 Ti SUPER,2025-06-08,799.99,1699.0,1170.93
GeForce RTX 4070 Ti SUPER,2025-06-15,799.99,1699.0,1156.35
GeForce RTX 4070 Ti SUPER,2025-06-23,799.99,1495.44,1136.99
GeForce RTX 4070 Ti SUPER,2025-07-01,799.99,1498.0,1128.84
GeForce RTX 4070 Ti SUPER,2025-07-08,799.99,1485.0,1143.36
GeForce RTX 4070 Ti SUPER,2025-07-15,799.99,1485.0,1157.2
GeForce RTX 4070 Ti SUPER,2025-07-23,799.99,1485.0,1156.46
GeForce RTX 4070 Ti SUPER,2025-08-01,849.99,1485.0,1151.3
GeForce RTX 4070 Ti SUPER,2025-08-08,849.99,1485.0,1142.92
GeForce RTX 4070 Ti SUPER,2025-08-15,849.99,1485.0,1142.92
GeForce RTX 4070 Ti SUPER,2025-08-23,849.99,1399.99,1113.72
GeForce RTX 4070 Ti SUPER,2025-09-01,854.99,1398.0,1113.49
GeForce RTX 4070 Ti SUPER,2025-09-08,854.99,1480.0,1128.49
GeForce RTX 4070 Ti SUPER,2025-09-15,854.99,1480.0,1126.49
GeForce RTX 4070 Ti SUPER,2025-09-23,849.99,1480.0,1101.35
GeForce RTX 4070 Ti SUPER,2025-10-01,849.99,1480.0,1139.99
GeForce RTX 4070 Ti SUPER,2025-10-08,849.99,1498.0,1112.43
GeForce RTX 4070 Ti SUPER,2025-10-15,849.99,1498.0,1130.21
GeForce RTX 4070 Ti SUPER,2025-10-23,849.99,1498.0,1140.32
GeForce RTX 4070 Ti SUPER,2025-11-01,854.99,1498.0,1160.1
GeForce RTX 4070 Ti SUPER,2025-11-08,854.99,1498.0,1184.33
GeForce RTX 4070 Ti SUPER,2025-11-15,854.99,1498.0,1164.44
GeForce RTX 4070 Ti SUPER,2025-11-23,854.99,1498.0,1160.1
GeForce RTX 4070 Ti SUPER,2025-12-01,854.99,1498.0,1209.98
GeForce RTX 4070 Ti SUPER,2025-12-08,854.99,1588.88,1226.43
GeForce RTX 4070 Ti SUPER,2025-12-15,854.99,1588.88,1226.43
GeForce RTX 4070 Ti SUPER,2025-12-23,854.99,1498.0,1202.11
GeForce RTX 4070 Ti SUPER,2026-01-01,854.99,1498.0,1184.8
GeForce RTX 4070 Ti SUPER,2026-01-08,854.99,1498.0,1198.7
GeForce RTX 4070 Ti SUPER,2026-01-15,854.99,1498.0,1198.6
GeForce RTX 4070 Ti SUPER,2026-01-23,929.99,1598.0,1273.43
GeForce RTX 4070 Ti SUPER,2026-02-01,929.99,1598.0,1273.43
GeForce RTX 4070 Ti SUPER,2026-02-08,929.99,1598.0,1223.54
GeForce RTX 4070 Ti SUPER,2026-02-15,929.99,1098.0,994.24
GeForce RTX 4070 Ti SUPER,2026-02-23,929.99,1098.0,994.24
GeForce RTX 4070 Ti SUPER,2026-03-01,929.99,1098.0,992.66
GeForce RTX 4070 Ti SUPER,2026-03-08,929.99,990.0,956.66
GeForce RTX 4070 Ti SUPER,2026-03-15,929.99,990.0,956.66
GeForce RTX 4070 Ti SUPER,2026-03-23,929.99,990.0,956.66
GeForce RTX 4070 Ti SUPER,2026-04-01,929.99,957.59,945.86
GeForce RTX 4070 Ti SUPER,2026-04-08,929.99,1052.85,977.61
GeForce RTX 4070 Ti SUPER,2026-04-15,914.13,949.99,931.37
GeForce RTX 4070 Ti SUPER,2026-04-23,929.99,949.99,939.99
GeForce RTX 4070 Ti SUPER,2026-05-01,929.99,949.99,939.99
GeForce RTX 4070 Ti SUPER,2026-05-08,864.55,949.99,914.84
GeForce RTX 4070 Ti SUPER,2026-05-15,929.99,949.99,939.99
GeForce RTX 4070 Ti SUPER,2026-05-23,929.99,949.99,939.99
GeForce RTX 4070 Ti SUPER,2026-06-01,929.99,971.34,950.44
GeForce RTX 4070 Ti SUPER,2026-06-08,929.99,971.34,950.44
GeForce RTX 4070 Ti SUPER,2026-06-15,929.99,971.34,950.44
GeForce RTX 4070 Ti SUPER,2026-06-23,929.99,971.34,950.44
GeForce RTX 4070 Ti SUPER,2026-07-01,929.99,971.34,950.44
GeForce RTX 4070 Ti SUPER,2026-07-08,929.99,971.34,950.44
GeForce RTX 4070 Ti SUPER,2026-07-15,929.99,971.34,950.44
GeForce RTX 4070 Ti SUPER,2026-07-23,929.99,949.99,939.99
GeForce RTX 4070 Ti SUPER,2026-08-01,929.99,1281.44,1053.81
GeForce RTX 4070 Ti SUPER,2026-08-08,929.99,1250.15,1043.38
GeForce RTX 4070 Ti SUPER,2026-08-15,1266.0,1266.0,1266.0
GeForce RTX 4070 Ti SUPER,2026-08-23,1141.58,1141.58,1141.58
GeForce RTX 4070 Ti SUPER,2026-09-01,1180.22,1180.22,1180.22
GeForce RTX 4070 Ti SUPER,2026-09-08,1163.0,1163.0,1163.0
GeForce RTX 4080,2022-11-23,1199.99,1593.0,1372.75
GeForce RTX 4080,2022-12-01,1199.99,1577.89,1359.13
GeForce RTX 4080,2022-12-08,1199.99,1549.99,1356.98
GeForce RTX 4080,2022-12-15,1199.0,1582.98,1366.51
GeForce RTX 4080,2022-12-23,1199.0,1599.99,1376.01
GeForce RTX 4080,2023-01-01,1199.0,1519.99,1317.87
GeForce RTX 4080,2023-01-08,1199.0,1529.0,1319.27
GeForce RTX 4080,2023-01-15,1199.0,1579.0,1311.48
GeForce RTX 4080,2023-01-23,1199.0,1579.0,1333.44
GeForce RTX 4080,2023-02-01,1199.0,1549.99,1303.58
GeForce RTX 4080,2023-02-08,1199.99,1496.89,1300.05
GeForce RTX 4080,2023-02-15,1199.0,1455.99,1288.04
GeForce RTX 4080,2023-02-23,1199.0,1455.99,1277.93
GeForce RTX 4080,2023-03-01,1199.0,1494.99,1290.12
GeForce RTX 4080,2023-03-08,1199.0,1544.9,1290.94
GeForce RTX 4080,2023-03-15,1199.0,1599.99,1295.67
GeForce RTX 4080,2023-03-23,1149.0,1599.99,1293.47
GeForce RTX 4080,2023-04-01,1180.0,1649.99,1313.35
GeForce RTX 4080,2023-04-08,1179.99,1649.99,1316.19
GeForce RTX 4080,2023-04-15,1149.99,1649.99,1301.82
GeForce RTX 4080,2023-04-23,1149.99,1579.99,1271.03
GeForce RTX 4080,2023-05-01,1139.99,1661.12,1303.75
GeForce RTX 4080,2023-05-08,1139.99,1549.99,1265.26
GeForce RTX 4080,2023-05-15,1119.99,1559.99,1267.22
GeForce RTX 4080,2023-05-23,1099.99,1695.44,1289.62
GeForce RTX 4080,2023-06-01,1107.99,1660.0,1310.4
GeForce RTX 4080,2023-06-08,1099.99,1549.99,1267.42
GeForce RTX 4080,2023-06-15,1099.0,1569.99,1262.44
GeForce RTX 4080,2023-06-23,1099.99,1630.99,1282.0
GeForce RTX 4080,2023-07-01,1129.99,1649.99,1296.26
GeForce RTX 4080,2023-07-08,999.99,1688.7,1291.15
GeForce RTX 4080,2023-07-15,1099.0,1597.43,1272.94
GeForce RTX 4080,2023-07-23,1099.99,1627.99,1273.81
GeForce RTX 4080,2023-08-01,1129.99,1649.99,1298.41
GeForce RTX 4080,2023-08-08,1099.99,1649.99,1276.42
GeForce RTX 4080,2023-08-15,1095.0,1649.99,1270.36
GeForce RTX 4080,2023-08-23,1089.0,1649.99,1263.57
GeForce RTX 4080,2023-09-01,1098.0,1649.99,1272.93
GeForce RTX 4080,2023-09-08,1081.32,1649.99,1279.51
GeForce RTX 4080,2023-09-15,1069.99,1649.99,1279.48
GeForce RTX 4080,2023-09-23,1093.66,1649.99,1276.52
GeForce RTX 4080,2023-10-01,1099.99,1649.99,1308.66
GeForce RTX 4080,2023-10-08,1089.99,1649.99,1295.9
GeForce RTX 4080,2023-10-15,1089.99,1649.99,1285.19
GeForce RTX 4080,2023-10-23,1089.99,1629.99,1274.28
GeForce RTX 4080,2023-11-01,1059.99,1623.7,1282.21
GeForce RTX 4080,2023-11-08,1059.99,1669.0,1287.2
GeForce RTX 4080,2023-11-15,1059.99,1673.98,1297.74
GeForce RTX 4080,2023-11-23,1059.99,1649.99,1289.68
GeForce RTX 4080,2023-12-01,1119.99,1669.0,1333.66
GeForce RTX 4080,2023-12-08,1129.99,1649.99,1323.88
GeForce RTX 4080,2023-12-15,1129.99,1716.59,1334.41
GeForce RTX 4080,2023-12-23,1129.99,1972.0,1405.82
GeForce RTX 4080,2024-01-01,1129.99,1819.0,1377.38
GeForce RTX 4080,2024-01-08,1129.99,1998.0,1443.52
GeForce RTX 4080,2024-01-15,1129.99,1998.0,1426.48
GeForce RTX 4080,2024-01-23,1129.99,2011.6,1453.56
GeForce RTX 4080,2024-02-01,1129.99,1998.0,1434.93
GeForce RTX 4080,2024-02-08,1129.99,1998.0,1437.12
GeForce RTX 4080,2024-02-15,1129.99,1998.0,1405.4
GeForce RTX 4080,2024-02-23,1129.99,2050.0,1477.97
GeForce RTX 4080,2024-03-01,949.99,1999.98,1478.4
GeForce RTX 4080,2024-03-08,949.99,1999.99,1467.94
GeForce RTX 4080,2024-03-15,949.99,1999.99,1430.25
GeForce RTX 4080,2024-03-23,949.99,1999.99,1420.85
GeForce RTX 4080,2024-04-01,949.99,1999.99,1406.24
GeForce RTX 4080,2024-04-08,949.99,1999.99,1397.34
GeForce RTX 4080,2024-04-15,949.99,1699.9,1351.18
GeForce RTX 4080,2024-04-23,949.99,1699.9,1343.13
GeForce RTX 4080,2024-05-01,949.99,1669.0,1346.1
GeForce RTX 4080,2024-05-08,949.99,1669.0,1341.17
GeForce RTX 4080,2024-05-15,949.99,1669.0,1329.21
GeForce RTX 4080,2024-05-23,949.99,1649.9,1325.25
GeForce RTX 4080,2024-06-01,1099.99,1629.0,1336.72
GeForce RTX 4080,2024-06-08,1101.42,1599.9,1312.51
GeForce RTX 4080,2024-06-15,949.99,1629.0,1313.58
GeForce RTX 4080,2024-06-23,1101.23,1607.58,1352.37
GeForce RTX 4080,2024-07-01,949.99,1599.0,1340.78
GeForce RTX 4080,2024-07-08,949.99,1599.99,1336.05
GeForce RTX 4080,2024-07-15,949.99,1599.0,1326.53
GeForce RTX 4080,2024-07-23,1099.99,1589.95,1347.11
GeForce RTX 4080,2024-08-01,949.99,1589.95,1281.91
GeForce RTX 4080,2024-08-08,899.99,1599.99,1263.43
GeForce RTX 4080,2024-08-15,899.99,1599.99,1264.79
GeForce RTX 4080,2024-08-23,949.99,1599.99,1271.99
GeForce RTX 4080,2024-09-01,899.99,1599.99,1284.61
GeForce RTX 4080,2024-09-08,949.99,1599.99,1298.94
GeForce RTX 4080,2024-09-15,949.99,1599.99,1316.1
GeForce RTX 4080,2024-09-23,949.99,1599.99,1307.96
GeForce RTX 4080,2024-10-01,949.99,1599.99,1315.54
GeForce RTX 4080,2024-10-08,949.99,1599.99,1315.28
GeForce RTX 4080,2024-10-15,949.99,1599.99,1319.53
GeForce RTX 4080,2024-10-23,949.99,1699.99,1324.26
GeForce RTX 4080,2024-11-01,949.99,1779.99,1311.09
GeForce RTX 4080,2024-11-08,949.99,1699.99,1318.83
GeForce RTX 4080,2024-11-15,949.99,1599.99,1313.48
GeForce RTX 4080,2024-11-23,949.99,1999.0,1377.54
GeForce RTX 4080,2024-12-01,949.99,1999.0,1413.58
GeForce RTX 4080,2024-12-08,949.99,1849.75,1459.97
GeForce RTX 4080,2024-12-15,949.99,1799.0,1445.85
GeForce RTX 4080,2024-12-23,949.99,1999.0,1499.89
GeForce RTX 4080,2025-01-01,1209.99,1999.0,1588.63
GeForce RTX 4080,2025-01-08,1209.99,1999.0,1607.23
GeForce RTX 4080,2025-01-15,1279.99,1799.99,1610.98
GeForce RTX 4080,2025-01-23,1529.0,1849.99,1639.74
GeForce RTX 4080,2025-02-01,1549.99,2499.99,2015.07
GeForce RTX 4080,2025-02-08,1549.99,2499.99,2030.69
GeForce RTX 4080,2025-02-15,1549.99,2498.0,2000.53
GeForce RTX 4080,2025-02-23,1549.99,2598.0,2078.92
GeForce RTX 4080,2025-03-01,1549.99,2598.0,2068.3
GeForce RTX 4080,2025-03-08,1549.99,2549.97,2003.6
GeForce RTX 4080,2025-03-15,1549.99,2498.0,1990.99
GeForce RTX 4080,2025-03-23,1549.99,2198.0,1844.54
GeForce RTX 4080,2025-04-01,1549.99,2198.0,1887.29
GeForce RTX 4080,2025-04-08,1549.99,2498.0,2019.99
GeForce RTX 4080,2025-04-15,1549.99,2498.0,2055.58
GeForce RTX 4080,2025-04-23,1549.99,2498.0,2047.24
GeForce RTX 4080,2025-05-01,1549.99,2498.0,2028.25
GeForce RTX 4080,2025-05-08,1549.99,2498.0,2042.0
GeForce RTX 4080,2025-05-15,1549.99,2275.0,1943.56
GeForce RTX 4080,2025-05-23,1549.99,2289.99,1994.51
GeForce RTX 4080,2025-06-01,1549.99,2285.0,1993.95
GeForce RTX 4080,2025-06-08,1549.99,2285.0,1993.95
GeForce RTX 4080,2025-06-15,1549.99,2075.0,1876.99
GeForce RTX 4080,2025-06-23,1549.99,2075.0,1869.99
GeForce RTX 4080,2025-07-01,1549.99,2075.0,1867.13
GeForce RTX 4080,2025-07-08,1549.99,1975.0,1789.16
GeForce RTX 4080,2025-07-15,1549.99,1974.99,1789.16
GeForce RTX 4080,2025-07-23,1549.99,1889.99,1759.16
GeForce RTX 4080,2025-08-01,1389.0,2075.0,1709.82
GeForce RTX 4080,2025-08-08,1389.0,2075.0,1706.5
GeForce RTX 4080,2025-08-15,1389.0,1795.0,1605.66
GeForce RTX 4080,2025-08-23,1549.99,2075.0,1790.0
GeForce RTX 4080,2025-09-01,1549.99,2075.0,1744.99
GeForce RTX 4080,2025-09-08,1549.99,2075.0,1741.66
GeForce RTX 4080,2025-09-15,1549.99,2075.0,1741.66
GeForce RTX 4080,2025-09-23,1549.99,2075.0,1778.33
GeForce RTX 4080,2025-10-01,1549.99,1869.99,1724.16
GeForce RTX 4080,2025-10-08,1549.99,1869.99,1752.49
GeForce RTX 4080,2025-10-15,1549.99,1869.99,1740.82
GeForce RTX 4080,2025-10-23,1499.99,1795.0,1623.19
GeForce RTX 4080,2025-11-01,1499.99,1795.0,1623.19
GeForce RTX 4080,2025-11-08,1478.0,1829.0,1670.33
GeForce RTX 4080,2025-11-15,1429.99,1829.0,1662.33
GeForce RTX 4080,2025-11-23,1549.99,1829.0,1703.16
GeForce RTX 4080,2025-12-01,1549.99,1779.0,1688.83
GeForce RTX 4080,2025-12-08,1549.99,1779.0,1684.66
GeForce RTX 4080,2025-12-15,1549.99,1779.0,1673.36
GeForce RTX 4080,2025-12-23,1449.99,1769.99,1644.66
GeForce RTX 4080,2026-01-01,1479.99,1769.99,1649.66
GeForce RTX 4080,2026-01-08,1549.0,1599.99,1569.74
GeForce RTX 4080,2026-01-15,1549.0,1599.99,1567.23
GeForce RTX 4080,2026-01-23,1549.99,1799.0,1671.33
GeForce RTX 4080,2026-02-01,1549.99,1799.0,1674.66
GeForce RTX 4080,2026-02-08,1549.99,1799.0,1671.33
GeForce RTX 4080,2026-02-15,1549.99,1799.0,1651.59
GeForce RTX 4080,2026-02-23,1549.99,1799.0,1658.04
GeForce RTX 4080,2026-03-01,1549.99,1799.0,1651.59
GeForce RTX 4080,2026-03-08,1549.99,1799.0,1658.04
GeForce RTX 4080,2026-03-15,1549.99,1799.0,1646.23
GeForce RTX 4080,2026-03-23,1549.99,1870.0,1715.6
GeForce RTX 4080,2026-04-01,1549.99,1839.99,1697.78
GeForce RTX 4080,2026-04-08,1549.99,1799.0,1681.59
GeForce RTX 4080,2026-04-15,1549.99,1799.0,1656.4
GeForce RTX 4080,2026-04-23,1549.99,1799.0,1645.78
GeForce RTX 4080,2026-05-01,1549.99,1799.0,1641.78
GeForce RTX 4080,2026-05-08,1549.99,1649.95,1592.48
GeForce RTX 4080,2026-05-15,1549.99,1799.0,1658.04
GeForce RTX 4080,2026-05-23,1549.99,1799.0,1645.78
GeForce RTX 4080,2026-06-01,1545.0,1599.99,1561.23
GeForce RTX 4080,2026-06-08,1499.95,1799.0,1619.78
GeForce RTX 4080,2026-06-15,1499.95,1639.95,1572.47
GeForce RTX 4080,2026-06-23,1499.95,1599.99,1546.5
GeForce RTX 4080,2026-07-01,1499.95,1599.99,1537.48
GeForce RTX 4080,2026-07-08,1399.99,1599.99,1516.66
GeForce RTX 4080,2026-07-15,1199.99,1599.99,1462.65
GeForce RTX 4080,2026-07-23,1199.99,1599.99,1456.5
GeForce RTX 4080,2026-08-01,1399.99,1689.0,1541.28
GeForce RTX 4080,2026-08-08,1399.99,1599.99,1506.34
GeForce RTX 4080,2026-08-15,1548.99,1799.0,1679.0
GeForce RTX 4080,2026-08-23,1499.99,1799.0,1662.66
GeForce RTX 4080,2026-09-01,1549.99,1799.0,1679.33
GeForce RTX 4080,2026-09-08,1549.99,1799.0,1679.33
GeForce RTX 4080 SUPER,2024-02-01,999.99,1299.99,1100.31
GeForce RTX 4080 SUPER,2024-02-08,999.99,1549.0,1151.55
GeForce RTX 4080 SUPER,2024-02-15,999.99,1499.99,1172.69
GeForce RTX 4080 SUPER,2024-02-23,999.99,1539.0,1176.4
GeForce RTX 4080 SUPER,2024-03-01,999.99,1529.99,1178.03
GeForce RTX 4080 SUPER,2024-03-08,999.99,1397.99,1149.67
GeForce RTX 4080 SUPER,2024-03-15,999.99,1399.0,1166.71
GeForce RTX 4080 SUPER,2024-03-23,999.99,1299.99,1141.43
GeForce RTX 4080 SUPER,2024-04-01,999.99,1399.99,1158.48
GeForce RTX 4080 SUPER,2024-04-08,999.99,1338.7,1142.34
GeForce RTX 4080 SUPER,2024-04-15,999.99,1368.74,1137.76
GeForce RTX 4080 SUPER,2024-04-23,994.99,1299.99,1118.26
GeForce RTX 4080 SUPER,2024-05-01,999.98,1399.99,1120.59
GeForce RTX 4080 SUPER,2024-05-08,989.99,1399.99,1131.74
GeForce RTX 4080 SUPER,2024-05-15,949.99,1352.99,1117.21
GeForce RTX 4080 SUPER,2024-05-23,949.99,1352.99,1119.08
GeForce RTX 4080 SUPER,2024-06-01,969.99,1399.99,1127.19
GeForce RTX 4080 SUPER,2024-06-08,976.0,1352.99,1134.56
GeForce RTX 4080 SUPER,2024-06-15,967.99,1450.41,1122.7
GeForce RTX 4080 SUPER,2024-06-23,949.99,1445.62,1121.32
GeForce RTX 4080 SUPER,2024-07-01,964.0,1397.36,1124.74
GeForce RTX 4080 SUPER,2024-07-08,964.99,1388.3,1107.14
GeForce RTX 4080 SUPER,2024-07-15,950.96,1377.0,1123.2
GeForce RTX 4080 SUPER,2024-07-23,959.0,1407.13,1118.51
GeForce RTX 4080 SUPER,2024-08-01,949.99,1455.0,1122.54
GeForce RTX 4080 SUPER,2024-08-08,959.83,1434.34,1121.93
GeForce RTX 4080 SUPER,2024-08-15,959.83,1352.99,1116.53
GeForce RTX 4080 SUPER,2024-08-23,958.0,1352.99,1118.34
GeForce RTX 4080 SUPER,2024-09-01,959.99,1352.99,1129.34
GeForce RTX 4080 SUPER,2024-09-08,959.99,1397.37,1125.12
GeForce RTX 4080 SUPER,2024-09-15,959.99,1349.99,1112.13
GeForce RTX 4080 SUPER,2024-09-23,959.99,1349.99,1119.78
GeForce RTX 4080 SUPER,2024-10-01,989.99,1369.99,1118.01
GeForce RTX 4080 SUPER,2024-10-08,999.99,1369.99,1117.99
GeForce RTX 4080 SUPER,2024-10-15,999.99,1369.99,1115.84
GeForce RTX 4080 SUPER,2024-10-23,989.99,1388.99,1114.71
GeForce RTX 4080 SUPER,2024-11-01,999.97,1402.99,1110.16
GeForce RTX 4080 SUPER,2024-11-08,979.99,1299.99,1096.38
GeForce RTX 4080 SUPER,2024-11-15,949.99,1349.99,1107.65
GeForce RTX 4080 SUPER,2024-11-23,949.99,1399.99,1111.81
GeForce RTX 4080 SUPER,2024-12-01,999.99,1637.99,1180.56
GeForce RTX 4080 SUPER,2024-12-08,999.99,1994.99,1296.86
GeForce RTX 4080 SUPER,2024-12-15,999.99,1694.99,1261.96
GeForce RTX 4080 SUPER,2024-12-23,999.99,1959.0,1298.71
GeForce RTX 4080 SUPER,2025-01-01,999.99,2199.99,1344.09
GeForce RTX 4080 SUPER,2025-01-08,999.99,2199.99,1368.63
GeForce RTX 4080 SUPER,2025-01-15,958.39,2199.99,1368.82
GeForce RTX 4080 SUPER,2025-01-23,999.99,2100.0,1368.68
GeForce RTX 4080 SUPER,2025-02-01,1299.99,2250.0,1790.78
GeForce RTX 4080 SUPER,2025-02-08,999.99,2299.0,1578.67
GeForce RTX 4080 SUPER,2025-02-15,999.99,2250.0,1577.94
GeForce RTX 4080 SUPER,2025-02-23,999.99,2250.0,1647.09
GeForce RTX 4080 SUPER,2025-03-01,1099.99,2500.0,1651.0
GeForce RTX 4080 SUPER,2025-03-08,1099.99,2500.0,1633.45
GeForce RTX 4080 SUPER,2025-03-15,1099.99,2500.0,1592.14
GeForce RTX 4080 SUPER,2025-03-23,1099.99,2500.0,1553.67
GeForce RTX 4080 SUPER,2025-04-01,1099.99,1999.95,1552.34
GeForce RTX 4080 SUPER,2025-04-08,799.0,1999.95,1514.8
GeForce RTX 4080 SUPER,2025-04-15,758.0,2199.98,1511.3
GeForce RTX 4080 SUPER,2025-04-23,758.0,2199.98,1532.67
GeForce RTX 4080 SUPER,2025-05-01,1099.99,2199.98,1641.06
GeForce RTX 4080 SUPER,2025-05-08,1029.99,2199.98,1609.94
GeForce RTX 4080 SUPER,2025-05-15,879.99,2199.98,1590.42
GeForce RTX 4080 SUPER,2025-05-23,1034.99,2199.98,1551.83
GeForce RTX 4080 SUPER,2025-06-01,1034.99,2199.98,1564.39
GeForce RTX 4080 SUPER,2025-06-08,1199.0,2199.98,1551.15
GeForce RTX 4080 SUPER,2025-06-15,1199.0,2199.98,1594.8
GeForce RTX 4080 SUPER,2025-06-23,1199.0,2199.98,1634.46
GeForce RTX 4080 SUPER,2025-07-01,1199.0,2199.98,1636.99
GeForce RTX 4080 SUPER,2025-07-08,1199.0,2199.98,1646.78
GeForce RTX 4080 SUPER,2025-07-15,1199.0,2199.98,1632.56
GeForce RTX 4080 SUPER,2025-07-23,1199.0,2199.98,1625.35
GeForce RTX 4080 SUPER,2025-08-01,1199.0,2199.98,1612.99
GeForce RTX 4080 SUPER,2025-08-08,1199.0,2199.98,1596.92
GeForce RTX 4080 SUPER,2025-08-15,1199.0,2199.98,1596.92
GeForce RTX 4080 SUPER,2025-08-23,1199.0,2199.98,1579.13
GeForce RTX 4080 SUPER,2025-09-01,1199.0,1989.0,1552.08
GeForce RTX 4080 SUPER,2025-09-08,1199.0,1989.0,1533.66
GeForce RTX 4080 SUPER,2025-09-15,1199.0,1989.0,1558.33
GeForce RTX 4080 SUPER,2025-09-23,1199.0,1989.0,1572.38
GeForce RTX 4080 SUPER,2025-10-01,1199.0,1989.0,1563.28
GeForce RTX 4080 SUPER,2025-10-08,1199.0,1989.0,1592.44
GeForce RTX 4080 SUPER,2025-10-15,1199.0,1989.0,1592.44
GeForce RTX 4080 SUPER,2025-10-23,1199.0,1949.99,1556.75
GeForce RTX 4080 SUPER,2025-11-01,1199.0,1949.99,1603.61
GeForce RTX 4080 SUPER,2025-11-08,1199.0,1949.99,1603.61
GeForce RTX 4080 SUPER,2025-11-15,579.0,1949.99,1506.25
GeForce RTX 4080 SUPER,2025-11-23,579.0,1985.0,1513.98
GeForce RTX 4080 SUPER,2025-12-01,579.0,1985.0,1556.33
GeForce RTX 4080 SUPER,2025-12-08,579.0,1949.99,1522.09
GeForce RTX 4080 SUPER,2025-12-15,579.0,1949.99,1554.51
GeForce RTX 4080 SUPER,2025-12-23,579.0,1935.0,1549.51
GeForce RTX 4080 SUPER,2026-01-01,579.0,1895.0,1543.9
GeForce RTX 4080 SUPER,2026-01-08,579.0,1895.0,1534.81
GeForce RTX 4080 SUPER,2026-01-15,579.0,1895.0,1510.72
GeForce RTX 4080 SUPER,2026-01-23,579.0,1929.99,1524.18
GeForce RTX 4080 SUPER,2026-02-01,579.0,1929.99,1522.72
GeForce RTX 4080 SUPER,2026-02-08,1199.0,1929.99,1578.33
GeForce RTX 4080 SUPER,2026-02-15,1199.0,1299.99,1249.66
GeForce RTX 4080 SUPER,2026-02-23,1199.0,1299.99,1249.66
GeForce RTX 4080 SUPER,2026-03-01,1199.0,1929.99,1496.16
GeForce RTX 4080 SUPER,2026-03-08,1199.0,1929.99,1463.33
GeForce RTX 4080 SUPER,2026-03-15,1199.0,1929.99,1463.33
GeForce RTX 4080 SUPER,2026-03-23,1199.0,1929.99,1454.16
GeForce RTX 4080 SUPER,2026-04-01,1199.0,1929.99,1471.32
GeForce RTX 4080 SUPER,2026-04-08,1199.0,1799.95,1490.49
GeForce RTX 4080 SUPER,2026-04-15,1199.0,1299.99,1249.66
GeForce RTX 4080 SUPER,2026-04-23,1199.0,1299.99,1249.66
GeForce RTX 4080 SUPER,2026-05-01,1199.0,1299.99,1249.66
GeForce RTX 4080 SUPER,2026-05-08,1199.0,1299.99,1249.66
GeForce RTX 4080 SUPER,2026-05-15,1199.0,1299.99,1249.66
GeForce RTX 4080 SUPER,2026-05-23,1199.0,1299.99,1249.66
GeForce RTX 4080 SUPER,2026-06-01,1199.0,1299.99,1249.66
GeForce RTX 4080 SUPER,2026-06-08,1199.0,1299.99,1249.66
GeForce RTX 4080 SUPER,2026-06-15,1199.0,1299.99,1249.66
GeForce RTX 4080 SUPER,2026-06-23,1199.0,1299.99,1249.66
GeForce RTX 4080 SUPER,2026-07-01,1199.0,1299.99,1249.66
GeForce RTX 4080 SUPER,2026-07-08,1199.0,1299.99,1249.74
GeForce RTX 4080 SUPER,2026-07-15,1199.0,1299.99,1249.74
GeForce RTX 4080 SUPER,2026-07-23,1199.0,1299.99,1249.74
GeForce RTX 4080 SUPER,2026-08-01,1199.0,1332.76,1266.35
GeForce RTX 4080 SUPER,2026-08-08,1199.0,1299.99,1249.74
GeForce RTX 4080 SUPER,2026-08-15,1795.0,1795.0,1795.0
GeForce RTX 4080 SUPER,2026-08-23,1745.99,1795.0,1770.5
GeForce RTX 4080 SUPER,2026-09-01,1745.99,1795.0,1770.5
GeForce RTX 4080 SUPER,2026-09-08,1769.95,1795.0,1782.48
GeForce RTX 4090,2022-10-15,1599.99,4976.0,2931.49
GeForce RTX 4090,2022-10-23,2199.0,2844.99,2528.5
GeForce RTX 4090,2022-11-01,1799.99,2759.0,2313.22
GeForce RTX 4090,2022-11-08,2112.99,2795.95,2391.6
GeForce RTX 4090,2022-11-15,2129.99,2859.0,2354.69
GeForce RTX 4090,2022-11-23,1599.99,3300.0,2490.91
GeForce RTX 4090,2022-12-01,2320.0,3489.0,2763.99
GeForce RTX 4090,2022-12-08,1909.99,2999.0,2341.98
GeForce RTX 4090,2022-12-15,1599.99,3299.99,2394.27
GeForce RTX 4090,2022-12-23,2029.99,2549.99,2276.31
GeForce RTX 4090,2023-01-01,1799.99,2799.9,2293.91
GeForce RTX 4090,2023-01-08,1599.99,2659.99,2166.61
GeForce RTX 4090,2023-01-15,2009.69,2299.9,2158.79
GeForce RTX 4090,2023-01-23,1599.99,2309.0,2032.49
GeForce RTX 4090,2023-02-01,1599.0,2359.0,1889.08
GeForce RTX 4090,2023-02-08,1599.0,2217.0,1858.03
GeForce RTX 4090,2023-02-15,1599.0,2205.0,1881.59
GeForce RTX 4090,2023-02-23,1599.0,2399.99,1886.22
GeForce RTX 4090,2023-03-01,1599.99,2399.0,1829.23
GeForce RTX 4090,2023-03-08,1599.99,2399.97,1847.8
GeForce RTX 4090,2023-03-15,1599.99,2349.99,1827.96
GeForce RTX 4090,2023-03-23,1599.99,2399.0,1808.05
GeForce RTX 4090,2023-04-01,1599.99,2497.42,1809.42
GeForce RTX 4090,2023-04-08,1599.99,2399.0,1787.05
GeForce RTX 4090,2023-04-15,1599.99,2149.47,1769.3
GeForce RTX 4090,2023-04-23,1599.0,2074.95,1741.45
GeForce RTX 4090,2023-05-01,1549.99,2214.0,1783.42
GeForce RTX 4090,2023-05-08,1599.0,1999.99,1737.72
GeForce RTX 4090,2023-05-15,1579.99,2209.9,1766.0
GeForce RTX 4090,2023-05-23,1589.0,2212.96,1768.8
GeForce RTX 4090,2023-06-01,1589.0,2189.0,1769.3
GeForce RTX 4090,2023-06-08,1589.0,2196.99,1747.1
GeForce RTX 4090,2023-06-15,1589.0,2149.99,1749.47
GeForce RTX 4090,2023-06-23,1584.99,1999.99,1723.57
GeForce RTX 4090,2023-07-01,1599.0,1999.99,1708.94
GeForce RTX 4090,2023-07-08,1599.0,1964.99,1700.56
GeForce RTX 4090,2023-07-15,1599.0,2099.99,1734.3
GeForce RTX 4090,2023-07-23,1599.0,1999.99,1714.04
GeForce RTX 4090,2023-08-01,1599.0,2099.99,1743.71
GeForce RTX 4090,2023-08-08,1599.0,2199.99,1784.08
GeForce RTX 4090,2023-08-15,1599.0,2199.99,1784.65
GeForce RTX 4090,2023-08-23,1599.0,2199.99,1786.54
GeForce RTX 4090,2023-09-01,1599.0,2199.99,1791.61
GeForce RTX 4090,2023-09-08,1599.99,2374.66,1802.75
GeForce RTX 4090,2023-09-15,1599.99,2390.0,1808.49
GeForce RTX 4090,2023-09-23,1599.99,2199.99,1796.51
GeForce RTX 4090,2023-10-01,1599.99,2199.99,1785.4
GeForce RTX 4090,2023-10-08,1599.99,2199.99,1791.85
GeForce RTX 4090,2023-10-15,1599.99,2248.5,1793.23
GeForce RTX 4090,2023-10-23,1599.99,2285.0,1858.61
GeForce RTX 4090,2023-11-01,1599.99,2574.99,1925.39
GeForce RTX 4090,2023-11-08,1599.99,2640.0,2000.49
GeForce RTX 4090,2023-11-15,1599.99,2969.0,2125.25
GeForce RTX 4090,2023-11-23,1599.99,2969.0,2140.85
GeForce RTX 4090,2023-12-01,1599.99,3295.0,2161.43
GeForce RTX 4090,2023-12-08,1599.99,3257.89,2122.55
GeForce RTX 4090,2023-12-15,1599.99,3162.29,2126.34
GeForce RTX 4090,2023-12-23,1599.99,3137.39,2142.95
GeForce RTX 4090,2024-01-01,1599.99,2909.18,2083.59
GeForce RTX 4090,2024-01-08,1599.99,2910.29,2090.72
GeForce RTX 4090,2024-01-15,1599.99,2926.62,2095.0
GeForce RTX 4090,2024-01-23,1599.99,2699.0,2068.15
GeForce RTX 4090,2024-02-01,1599.99,2769.99,2053.95
GeForce RTX 4090,2024-02-08,1599.99,2769.99,2039.89
GeForce RTX 4090,2024-02-15,1599.99,2769.99,2020.45
GeForce RTX 4090,2024-02-23,1599.99,2436.35,2023.71
GeForce RTX 4090,2024-03-01,1599.99,2399.0,2014.31
GeForce RTX 4090,2024-03-08,1599.99,2399.99,2020.2
GeForce RTX 4090,2024-03-15,1599.99,2399.0,1999.95
GeForce RTX 4090,2024-03-23,1599.99,2399.0,1990.59
GeForce RTX 4090,2024-04-01,1599.99,2599.75,1992.93
GeForce RTX 4090,2024-04-08,1599.99,2400.0,1951.22
GeForce RTX 4090,2024-04-15,1649.99,2299.9,1921.15
GeForce RTX 4090,2024-04-23,1649.99,2299.9,1906.18
GeForce RTX 4090,2024-05-01,1599.99,2299.9,1894.98
GeForce RTX 4090,2024-05-08,1649.99,2299.9,1889.27
GeForce RTX 4090,2024-05-15,1649.99,2199.0,1885.08
GeForce RTX 4090,2024-05-23,1599.99,2145.0,1865.38
GeForce RTX 4090,2024-06-01,1649.99,2184.95,1872.67
GeForce RTX 4090,2024-06-08,1649.99,2149.99,1872.84
GeForce RTX 4090,2024-06-15,1649.99,2149.99,1877.1
GeForce RTX 4090,2024-06-23,1599.99,2145.0,1873.12
GeForce RTX 4090,2024-07-01,1599.99,2204.44,1874.36
GeForce RTX 4090,2024-07-08,1599.99,2459.9,1892.04
GeForce RTX 4090,2024-07-15,1599.99,2454.98,1871.02
GeForce RTX 4090,2024-07-23,1599.99,2145.0,1851.61
GeForce RTX 4090,2024-08-01,1599.99,2199.99,1847.12
GeForce RTX 4090,2024-08-08,1599.99,2299.99,1865.58
GeForce RTX 4090,2024-08-15,1599.99,2299.99,1870.68
GeForce RTX 4090,2024-08-23,1599.99,2459.99,1880.81
GeForce RTX 4090,2024-09-01,1599.99,2400.0,1918.12
GeForce RTX 4090,2024-09-08,1599.99,2400.0,1930.27
GeForce RTX 4090,2024-09-15,1599.99,2459.99,1950.19
GeForce RTX 4090,2024-09-23,1599.99,2418.0,1971.47
GeForce RTX 4090,2024-10-01,1599.99,2495.0,1991.85
GeForce RTX 4090,2024-10-08,1599.99,2679.95,2023.11
GeForce RTX 4090,2024-10-15,1599.99,2539.99,2019.66
GeForce RTX 4090,2024-10-23,1599.99,2499.9,2043.12
GeForce RTX 4090,2024-11-01,1599.99,2545.29,2077.44
GeForce RTX 4090,2024-11-08,1599.99,2913.0,2099.93
GeForce RTX 4090,2024-11-15,1599.99,2779.0,2069.83
GeForce RTX 4090,2024-11-23,1599.99,2969.99,2115.6
GeForce RTX 4090,2024-12-01,1599.99,3399.99,2219.1
GeForce RTX 4090,2024-12-08,1599.99,3499.99,2274.45
GeForce RTX 4090,2024-12-15,1599.99,3499.99,2300.05
GeForce RTX 4090,2024-12-23,1599.99,3699.99,2343.24
GeForce RTX 4090,2025-01-01,1599.99,3699.99,2395.4
GeForce RTX 4090,2025-01-08,1599.99,3699.99,2384.26
GeForce RTX 4090,2025-01-15,1599.99,3689.0,2429.15
GeForce RTX 4090,2025-01-23,1599.99,3799.99,2487.34
GeForce RTX 4090,2025-02-01,1599.99,3998.0,2868.94
GeForce RTX 4090,2025-02-08,1599.99,3998.0,2805.75
GeForce RTX 4090,2025-02-15,1599.99,4200.0,2841.72
GeForce RTX 4090,2025-02-23,939.0,3998.0,2819.62
GeForce RTX 4090,2025-03-01,939.0,4899.0,2897.69
GeForce RTX 4090,2025-03-08,939.0,4299.0,2804.21
GeForce RTX 4090,2025-03-15,939.0,3998.0,2778.2
GeForce RTX 4090,2025-03-23,1599.99,3999.99,2887.18
GeForce RTX 4090,2025-04-01,1599.99,3899.95,2920.51
GeForce RTX 4090,2025-04-08,1599.99,3899.95,2816.24
GeForce RTX 4090,2025-04-15,1599.99,3899.95,2769.29
GeForce RTX 4090,2025-04-23,1599.99,4399.99,2793.87
GeForce RTX 4090,2025-05-01,1599.99,4399.99,2776.6
GeForce RTX 4090,2025-05-08,1599.99,4299.0,2774.62
GeForce RTX 4090,2025-05-15,1599.99,4289.99,2673.45
GeForce RTX 4090,2025-05-23,1599.99,3989.99,2579.45
GeForce RTX 4090,2025-06-01,1599.99,3989.99,2625.13
GeForce RTX 4090,2025-06-08,1599.99,3790.0,2585.43
GeForce RTX 4090,2025-06-15,1599.99,3749.99,2590.12
GeForce RTX 4090,2025-06-23,1599.99,3689.99,2593.31
GeForce RTX 4090,2025-07-01,1599.99,3689.0,2583.72
GeForce RTX 4090,2025-07-08,1599.99,3689.0,2572.85
GeForce RTX 4090,2025-07-15,1599.99,3689.0,2628.18
GeForce RTX 4090,2025-07-23,1599.99,3599.95,2576.61
GeForce RTX 4090,2025-08-01,1599.99,3599.95,2590.84
GeForce RTX 4090,2025-08-08,1599.99,3559.95,2582.03
GeForce RTX 4090,2025-08-15,1599.99,3539.95,2590.37
GeForce RTX 4090,2025-08-23,1599.99,3535.99,2594.82
GeForce RTX 4090,2025-09-01,1599.99,3485.0,2541.68
GeForce RTX 4090,2025-09-08,1599.99,3535.99,2577.21
GeForce RTX 4090,2025-09-15,1599.99,3535.99,2578.28
GeForce RTX 4090,2025-09-23,1599.99,3499.0,2645.32
GeForce RTX 4090,2025-10-01,1599.99,3499.0,2675.47
GeForce RTX 4090,2025-10-08,1599.99,3499.0,2681.47
GeForce RTX 4090,2025-10-15,1599.99,3499.0,2645.59
GeForce RTX 4090,2025-10-23,1599.99,3499.0,2617.82
GeForce RTX 4090,2025-11-01,1599.99,3499.0,2613.3
GeForce RTX 4090,2025-11-08,1599.99,3499.0,2606.94
GeForce RTX 4090,2025-11-15,1599.99,3499.0,2600.41
GeForce RTX 4090,2025-11-23,1599.99,3499.0,2601.09
GeForce RTX 4090,2025-12-01,1599.99,3499.0,2645.88
GeForce RTX 4090,2025-12-08,1599.99,3499.0,2627.45
GeForce RTX 4090,2025-12-15,1599.99,3685.0,2645.51
GeForce RTX 4090,2025-12-23,1599.99,3685.0,2614.1
GeForce RTX 4090,2026-01-01,1599.99,3599.99,2646.98
GeForce RTX 4090,2026-01-08,1599.99,3599.99,2683.77
GeForce RTX 4090,2026-01-15,1599.99,3599.99,2681.54
GeForce RTX 4090,2026-01-23,1599.99,3690.0,2637.49
GeForce RTX 4090,2026-02-01,1599.99,3749.99,2641.8
GeForce RTX 4090,2026-02-08,1599.99,3599.99,2619.3
GeForce RTX 4090,2026-02-15,1599.99,3699.99,2547.77
GeForce RTX 4090,2026-02-23,1599.99,3749.99,2559.92
GeForce RTX 4090,2026-03-01,1599.99,3739.99,2534.92
GeForce RTX 4090,2026-03-08,1599.99,3749.99,2488.38
GeForce RTX 4090,2026-03-15,1599.99,3749.99,2488.38
GeForce RTX 4090,2026-03-23,1599.99,3749.99,2469.91
GeForce RTX 4090,2026-04-01,1599.99,3599.99,2455.3
GeForce RTX 4090,2026-04-08,1599.99,3499.0,2439.14
GeForce RTX 4090,2026-04-15,1599.99,3499.0,2430.68
GeForce RTX 4090,2026-04-23,1599.99,3599.99,2442.22
GeForce RTX 4090,2026-05-01,1599.99,3840.0,2485.3
GeForce RTX 4090,2026-05-08,1599.99,4249.99,2520.68
GeForce RTX 4090,2026-05-15,1599.99,4099.99,2509.14
GeForce RTX 4090,2026-05-23,1599.99,3999.0,2489.83
GeForce RTX 4090,2026-06-01,1599.99,4039.99,2492.99
GeForce RTX 4090,2026-06-08,1599.99,3989.99,2489.14
GeForce RTX 4090,2026-06-15,1599.99,2299.99,2018.88
GeForce RTX 4090,2026-06-23,1599.99,2299.99,2018.88
GeForce RTX 4090,2026-07-01,1599.99,3749.99,2474.53
GeForce RTX 4090,2026-07-08,1599.99,3749.99,2474.53
GeForce RTX 4090,2026-07-15,1599.99,4999.99,2570.68
GeForce RTX 4090,2026-07-23,1599.99,2299.99,2018.88
GeForce RTX 4090,2026-08-01,1599.99,2299.99,2018.88
GeForce RTX 4090,2026-08-08,1599.99,2299.99,2018.88
GeForce RTX 4090,2026-08-15,3477.0,3477.0,3477.0
GeForce RTX 4090,2026-08-23,3449.99,3549.99,3499.99
GeForce RTX 4090,2026-09-01,3449.99,3999.99,3724.99
GeForce RTX 4090,2026-09-08,3499.96,4449.99,3974.98
GeForce RTX 5060,2025-05-23,299.99,409.99,343.72
GeForce RTX 5060,2025-06-01,299.99,409.99,338.23
GeForce RTX 5060,2025-06-08,299.99,409.99,335.64
GeForce RTX 5060,2025-06-15,299.99,409.99,334.67
GeForce RTX 5060,2025-06-23,299.99,409.99,333.79
GeForce RTX 5060,2025-07-01,299.99,409.99,333.57
GeForce RTX 5060,2025-07-08,279.99,409.99,327.12
GeForce RTX 5060,2025-07-15,289.99,409.99,331.49
GeForce RTX 5060,2025-07-23,289.99,379.99,327.48
GeForce RTX 5060,2025-08-01,289.99,389.99,328.87
GeForce RTX 5060,2025-08-08,279.99,389.99,325.91
GeForce RTX 5060,2025-08-15,289.99,389.99,326.33
GeForce RTX 5060,2025-08-23,298.0,389.99,330.96
GeForce RTX 5060,2025-09-01,298.99,389.99,327.0
GeForce RTX 5060,2025-09-08,295.89,369.99,321.25
GeForce RTX 5060,2025-09-15,295.89,389.99,327.14
GeForce RTX 5060,2025-09-23,295.89,369.99,319.57
GeForce RTX 5060,2025-10-01,298.99,369.99,320.43
GeForce RTX 5060,2025-10-08,299.99,369.99,319.12
GeForce RTX 5060,2025-10-15,299.99,389.99,325.14
GeForce RTX 5060,2025-10-23,299.99,389.99,323.93
GeForce RTX 5060,2025-11-01,294.99,392.49,325.31
GeForce RTX 5060,2025-11-08,294.99,392.49,323.8
GeForce RTX 5060,2025-11-15,289.99,379.99,322.24
GeForce RTX 5060,2025-11-23,279.99,359.99,313.57
GeForce RTX 5060,2025-12-01,279.99,359.99,314.77
GeForce RTX 5060,2025-12-08,274.99,422.4,330.16
GeForce RTX 5060,2025-12-15,269.99,409.99,324.1
GeForce RTX 5060,2025-12-23,269.99,420.8,324.81
GeForce RTX 5060,2026-01-01,259.99,409.99,336.03
GeForce RTX 5060,2026-01-08,249.99,446.51,340.07
GeForce RTX 5060,2026-01-15,249.99,433.99,344.85
GeForce RTX 5060,2026-01-23,299.99,447.68,363.48
GeForce RTX 5060,2026-02-01,299.99,439.99,368.49
GeForce RTX 5060,2026-02-08,299.99,439.99,371.16
GeForce RTX 5060,2026-02-15,299.99,453.66,370.83
GeForce RTX 5060,2026-02-23,299.99,455.99,372.64
GeForce RTX 5060,2026-03-01,317.99,518.64,391.25
GeForce RTX 5060,2026-03-08,299.99,455.99,377.88
GeForce RTX 5060,2026-03-15,299.99,516.0,393.34
GeForce RTX 5060,2026-03-23,299.99,444.67,377.56
GeForce RTX 5060,2026-04-01,299.99,455.99,378.87
GeForce RTX 5060,2026-04-08,299.99,459.66,378.7
GeForce RTX 5060,2026-04-15,299.99,455.99,376.25
GeForce RTX 5060,2026-04-23,299.99,455.99,375.32
GeForce RTX 5060,2026-05-01,317.99,455.99,378.58
GeForce RTX 5060,2026-05-08,317.99,426.03,373.6
GeForce RTX 5060,2026-05-15,317.99,423.99,371.03
GeForce RTX 5060,2026-05-23,317.99,455.99,374.06
GeForce RTX 5060,2026-06-01,317.99,429.99,372.12
GeForce RTX 5060,2026-06-08,328.99,418.84,368.96
GeForce RTX 5060,2026-06-15,317.99,413.49,363.49
GeForce RTX 5060,2026-06-23,317.99,429.99,365.75
GeForce RTX 5060,2026-07-01,317.99,430.89,370.41
GeForce RTX 5060,2026-07-08,317.99,430.89,370.92
GeForce RTX 5060,2026-07-15,329.99,430.89,372.4
GeForce RTX 5060,2026-07-23,328.99,430.89,373.0
GeForce RTX 5060,2026-08-01,339.99,594.54,412.52
GeForce RTX 5060,2026-08-08,359.95,594.54,456.8
GeForce RTX 5060,2026-08-15,425.12,499.99,474.09
GeForce RTX 5060,2026-08-23,449.99,533.03,473.54
GeForce RTX 5060,2026-09-01,436.31,499.99,473.84
GeForce RTX 5060,2026-09-08,449.99,499.99,474.54
GeForce RTX 5060 Ti,2025-04-16,472.99,599.99,524.8
GeForce RTX 5060 Ti,2025-04-23,472.99,599.99,524.13
GeForce RTX 5060 Ti,2025-05-01,472.99,599.99,524.4
GeForce RTX 5060 Ti,2025-05-08,472.99,599.99,523.88
GeForce RTX 5060 Ti,2025-05-15,472.99,599.99,525.29
GeForce RTX 5060 Ti,2025-05-23,472.99,599.99,523.91
GeForce RTX 5060 Ti,2025-06-01,472.99,619.0,528.28
GeForce RTX 5060 Ti,2025-06-08,429.99,599.99,523.06
GeForce RTX 5060 Ti,2025-06-15,429.99,599.99,520.36
GeForce RTX 5060 Ti,2025-06-23,429.99,650.03,513.1
GeForce RTX 5060 Ti,2025-07-01,429.99,647.37,509.21
GeForce RTX 5060 Ti,2025-07-08,429.99,647.39,510.02
GeForce RTX 5060 Ti,2025-07-15,429.99,631.24,504.36
GeForce RTX 5060 Ti,2025-07-23,428.33,631.24,504.09
GeForce RTX 5060 Ti,2025-08-01,429.99,631.24,497.85
GeForce RTX 5060 Ti,2025-08-08,429.99,589.99,497.34
GeForce RTX 5060 Ti,2025-08-15,429.99,589.99,494.44
GeForce RTX 5060 Ti,2025-08-23,429.99,649.0,503.23
GeForce RTX 5060 Ti,2025-09-01,429.99,656.65,501.66
GeForce RTX 5060 Ti,2025-09-08,429.99,656.65,500.34
GeForce RTX 5060 Ti,2025-09-15,429.99,656.65,494.93
GeForce RTX 5060 Ti,2025-09-23,379.0,656.65,498.83
GeForce RTX 5060 Ti,2025-10-01,419.99,599.99,490.27
GeForce RTX 5060 Ti,2025-10-08,417.99,656.14,492.66
GeForce RTX 5060 Ti,2025-10-15,429.99,599.99,492.55
GeForce RTX 5060 Ti,2025-10-23,429.99,599.99,490.7
GeForce RTX 5060 Ti,2025-11-01,429.99,600.0,496.38
GeForce RTX 5060 Ti,2025-11-08,429.99,628.51,496.75
GeForce RTX 5060 Ti,2025-11-15,429.99,657.74,496.91
GeForce RTX 5060 Ti,2025-11-23,399.99,628.51,485.24
GeForce RTX 5060 Ti,2025-12-01,399.99,657.74,491.91
GeForce RTX 5060 Ti,2025-12-08,416.99,659.0,502.53
GeForce RTX 5060 Ti,2025-12-15,416.99,648.24,501.66
GeForce RTX 5060 Ti,2025-12-23,429.99,680.01,508.16
GeForce RTX 5060 Ti,2026-01-01,429.99,675.85,512.62
GeForce RTX 5060 Ti,2026-01-08,429.99,683.99,516.13
GeForce RTX 5060 Ti,2026-01-15,429.99,646.76,509.42
GeForce RTX 5060 Ti,2026-01-23,429.99,680.01,546.3
GeForce RTX 5060 Ti,2026-02-01,429.99,730.9,572.17
GeForce RTX 5060 Ti,2026-02-08,429.99,699.0,568.79
GeForce RTX 5060 Ti,2026-02-15,429.99,679.99,555.31
GeForce RTX 5060 Ti,2026-02-23,455.99,679.99,566.02
GeForce RTX 5060 Ti,2026-03-01,455.99,698.99,574.28
GeForce RTX 5060 Ti,2026-03-08,455.99,679.99,567.17
GeForce RTX 5060 Ti,2026-03-15,455.99,679.99,563.58
GeForce RTX 5060 Ti,2026-03-23,487.99,629.96,563.16
GeForce RTX 5060 Ti,2026-04-01,455.99,679.99,564.08
GeForce RTX 5060 Ti,2026-04-08,455.99,679.99,560.42
GeForce RTX 5060 Ti,2026-04-15,455.99,679.99,563.1
GeForce RTX 5060 Ti,2026-04-23,429.99,699.0,562.03
GeForce RTX 5060 Ti,2026-05-01,455.99,678.97,564.28
GeForce RTX 5060 Ti,2026-05-08,455.99,686.42,568.46
GeForce RTX 5060 Ti,2026-05-15,479.99,699.0,581.22
GeForce RTX 5060 Ti,2026-05-23,487.99,696.49,579.91
GeForce RTX 5060 Ti,2026-06-01,487.99,696.49,578.41
GeForce RTX 5060 Ti,2026-06-08,487.99,659.0,575.2
GeForce RTX 5060 Ti,2026-06-15,487.99,649.99,569.62
GeForce RTX 5060 Ti,2026-06-23,475.99,699.0,575.71
GeForce RTX 5060 Ti,2026-07-01,475.99,669.0,566.96
GeForce RTX 5060 Ti,2026-07-08,475.99,674.99,570.69
GeForce RTX 5060 Ti,2026-07-15,519.99,649.99,580.64
GeForce RTX 5060 Ti,2026-07-23,487.99,674.99,572.74
GeForce RTX 5060 Ti,2026-08-01,519.95,899.99,646.55
GeForce RTX 5060 Ti,2026-08-08,539.99,1038.44,724.34
GeForce RTX 5060 Ti,2026-08-15,739.99,899.99,800.03
GeForce RTX 5060 Ti,2026-08-23,699.0,849.99,786.84
GeForce RTX 5060 Ti,2026-09-01,739.99,829.99,789.84
GeForce RTX 5060 Ti,2026-09-08,749.99,847.99,804.87
GeForce RTX 5060 Ti 8GB,2025-04-16,419.99,469.99,442.95
GeForce RTX 5060 Ti 8GB,2025-04-23,419.99,469.99,442.95
GeForce RTX 5060 Ti 8GB,2025-05-01,419.99,469.99,443.2
GeForce RTX 5060 Ti 8GB,2025-05-08,419.99,469.99,443.88
GeForce RTX 5060 Ti 8GB,2025-05-15,419.99,469.99,441.6
GeForce RTX 5060 Ti 8GB,2025-05-23,419.99,469.99,445.68
GeForce RTX 5060 Ti 8GB,2025-06-01,389.99,469.99,434.53
GeForce RTX 5060 Ti 8GB,2025-06-08,379.99,469.99,415.77
GeForce RTX 5060 Ti 8GB,2025-06-15,379.99,469.99,415.06
GeForce RTX 5060 Ti 8GB,2025-06-23,379.99,487.99,415.73
GeForce RTX 5060 Ti 8GB,2025-07-01,369.99,469.99,409.39
GeForce RTX 5060 Ti 8GB,2025-07-08,349.99,461.99,400.81
GeForce RTX 5060 Ti 8GB,2025-07-15,349.99,469.99,403.46
GeForce RTX 5060 Ti 8GB,2025-07-23,353.48,469.99,405.27
GeForce RTX 5060 Ti 8GB,2025-08-01,349.99,479.99,401.12
GeForce RTX 5060 Ti 8GB,2025-08-08,344.99,479.99,398.48
GeForce RTX 5060 Ti 8GB,2025-08-15,344.99,479.99,398.74
GeForce RTX 5060 Ti 8GB,2025-08-23,339.99,437.99,384.4
GeForce RTX 5060 Ti 8GB,2025-09-01,339.99,437.99,386.14
GeForce RTX 5060 Ti 8GB,2025-09-08,344.99,437.99,387.71
GeForce RTX 5060 Ti 8GB,2025-09-15,344.99,437.99,388.11
GeForce RTX 5060 Ti 8GB,2025-09-23,300.0,479.99,393.09
GeForce RTX 5060 Ti 8GB,2025-10-01,349.99,479.99,394.81
GeForce RTX 5060 Ti 8GB,2025-10-08,349.99,493.56,391.13
GeForce RTX 5060 Ti 8GB,2025-10-15,349.99,479.99,394.08
GeForce RTX 5060 Ti 8GB,2025-10-23,349.99,479.99,396.0
GeForce RTX 5060 Ti 8GB,2025-11-01,339.99,469.99,391.93
GeForce RTX 5060 Ti 8GB,2025-11-08,339.99,469.99,388.0
GeForce RTX 5060 Ti 8GB,2025-11-15,339.99,469.99,389.71
GeForce RTX 5060 Ti 8GB,2025-11-23,299.99,453.3,376.14
GeForce RTX 5060 Ti 8GB,2025-12-01,299.99,453.82,376.68
GeForce RTX 5060 Ti 8GB,2025-12-08,332.99,469.99,395.1
GeForce RTX 5060 Ti 8GB,2025-12-15,334.99,474.97,392.1
GeForce RTX 5060 Ti 8GB,2025-12-23,339.49,469.99,388.42
GeForce RTX 5060 Ti 8GB,2026-01-01,339.49,492.51,401.39
GeForce RTX 5060 Ti 8GB,2026-01-08,296.99,469.99,395.49
GeForce RTX 5060 Ti 8GB,2026-01-15,296.99,469.99,394.69
GeForce RTX 5060 Ti 8GB,2026-01-23,329.99,540.0,425.31
GeForce RTX 5060 Ti 8GB,2026-02-01,339.49,546.47,424.96
GeForce RTX 5060 Ti 8GB,2026-02-08,339.49,569.29,423.67
GeForce RTX 5060 Ti 8GB,2026-02-15,339.49,519.99,432.19
GeForce RTX 5060 Ti 8GB,2026-02-23,339.49,519.99,429.37
GeForce RTX 5060 Ti 8GB,2026-03-01,370.99,619.12,460.8
GeForce RTX 5060 Ti 8GB,2026-03-08,370.99,519.99,437.23
GeForce RTX 5060 Ti 8GB,2026-03-15,370.99,599.99,449.08
GeForce RTX 5060 Ti 8GB,2026-03-23,363.99,545.39,433.28
GeForce RTX 5060 Ti 8GB,2026-04-01,370.99,519.99,440.28
GeForce RTX 5060 Ti 8GB,2026-04-08,370.99,589.99,454.62
GeForce RTX 5060 Ti 8GB,2026-04-15,370.99,589.99,454.71
GeForce RTX 5060 Ti 8GB,2026-04-23,370.99,561.59,444.93
GeForce RTX 5060 Ti 8GB,2026-05-01,370.99,578.49,444.58
GeForce RTX 5060 Ti 8GB,2026-05-08,370.99,551.49,442.1
GeForce RTX 5060 Ti 8GB,2026-05-15,370.99,599.99,453.06
GeForce RTX 5060 Ti 8GB,2026-05-23,370.99,578.49,445.5
GeForce RTX 5060 Ti 8GB,2026-06-01,369.99,589.99,453.84
GeForce RTX 5060 Ti 8GB,2026-06-08,369.99,575.64,451.07
GeForce RTX 5060 Ti 8GB,2026-06-15,369.99,560.49,447.83
GeForce RTX 5060 Ti 8GB,2026-06-23,349.99,575.69,447.92
GeForce RTX 5060 Ti 8GB,2026-07-01,369.99,561.32,444.22
GeForce RTX 5060 Ti 8GB,2026-07-08,359.99,547.99,440.82
GeForce RTX 5060 Ti 8GB,2026-07-15,359.99,561.32,436.6
GeForce RTX 5060 Ti 8GB,2026-07-23,359.99,565.0,437.01
GeForce RTX 5060 Ti 8GB,2026-08-01,374.99,648.0,476.53
GeForce RTX 5060 Ti 8GB,2026-08-08,429.99,609.99,522.61
GeForce RTX 5060 Ti 8GB,2026-08-15,439.0,609.99,530.11
GeForce RTX 5060 Ti 8GB,2026-08-23,479.99,609.99,534.45
GeForce RTX 5060 Ti 8GB,2026-09-01,499.99,609.99,535.83
GeForce RTX 5060 Ti 8GB,2026-09-08,499.99,609.99,536.91
GeForce RTX 5070,2025-02-01,549.99,549.99,549.99
GeForce RTX 5070,2025-02-08,549.99,549.99,549.99
GeForce RTX 5070,2025-02-15,549.99,549.99,549.99
GeForce RTX 5070,2025-02-23,549.99,549.99,549.99
GeForce RTX 5070,2025-03-01,549.99,549.99,549.99
GeForce RTX 5070,2025-03-08,549.99,739.99,632.68
GeForce RTX 5070,2025-03-15,549.99,769.99,641.06
GeForce RTX 5070,2025-03-23,499.0,989.0,691.62
GeForce RTX 5070,2025-04-01,549.99,945.0,689.45
GeForce RTX 5070,2025-04-08,479.0,949.99,686.54
GeForce RTX 5070,2025-04-15,549.99,799.99,680.33
GeForce RTX 5070,2025-04-23,549.99,865.0,693.81
GeForce RTX 5070,2025-05-01,549.99,853.15,699.55
GeForce RTX 5070,2025-05-08,549.99,853.16,692.46
GeForce RTX 5070,2025-05-15,549.99,853.16,691.2
GeForce RTX 5070,2025-05-23,549.99,853.16,684.99
GeForce RTX 5070,2025-06-01,549.99,899.99,685.24
GeForce RTX 5070,2025-06-08,549.99,818.23,671.77
GeForce RTX 5070,2025-06-15,549.99,842.96,670.39
GeForce RTX 5070,2025-06-23,549.99,849.99,670.88
GeForce RTX 5070,2025-07-01,549.99,829.14,663.76
GeForce RTX 5070,2025-07-08,539.99,769.99,638.91
GeForce RTX 5070,2025-07-15,549.99,769.99,646.78
GeForce RTX 5070,2025-07-23,549.99,799.99,643.9
GeForce RTX 5070,2025-08-01,549.99,799.99,621.99
GeForce RTX 5070,2025-08-08,529.99,829.99,633.48
GeForce RTX 5070,2025-08-15,529.99,769.99,613.59
GeForce RTX 5070,2025-08-23,549.99,769.99,612.89
GeForce RTX 5070,2025-09-01,523.79,769.99,603.53
GeForce RTX 5070,2025-09-08,545.99,769.99,593.41
GeForce RTX 5070,2025-09-15,545.99,739.99,595.16
GeForce RTX 5070,2025-09-23,523.79,769.95,592.31
GeForce RTX 5070,2025-10-01,542.99,829.99,617.93
GeForce RTX 5070,2025-10-08,539.99,769.95,595.83
GeForce RTX 5070,2025-10-15,499.99,769.95,597.61
GeForce RTX 5070,2025-10-23,499.99,779.99,600.36
GeForce RTX 5070,2025-11-01,499.99,749.99,592.02
GeForce RTX 5070,2025-11-08,529.0,740.91,591.69
GeForce RTX 5070,2025-11-15,525.99,739.99,590.26
GeForce RTX 5070,2025-11-23,499.99,669.99,565.94
GeForce RTX 5070,2025-12-01,499.99,669.99,567.07
GeForce RTX 5070,2025-12-08,519.49,829.99,616.74
GeForce RTX 5070,2025-12-15,499.99,829.99,612.03
GeForce RTX 5070,2025-12-23,519.49,791.35,595.8
GeForce RTX 5070,2026-01-01,399.99,829.99,622.04
GeForce RTX 5070,2026-01-08,519.49,829.99,623.12
GeForce RTX 5070,2026-01-15,539.99,829.99,628.34
GeForce RTX 5070,2026-01-23,539.99,904.97,682.36
GeForce RTX 5070,2026-02-01,519.49,930.68,689.54
GeForce RTX 5070,2026-02-08,539.99,904.97,691.62
GeForce RTX 5070,2026-02-15,539.99,799.99,673.98
GeForce RTX 5070,2026-02-23,539.99,904.97,687.5
GeForce RTX 5070,2026-03-01,549.99,759.99,658.41
GeForce RTX 5070,2026-03-08,549.99,779.99,664.28
GeForce RTX 5070,2026-03-15,549.99,779.99,667.38
GeForce RTX 5070,2026-03-23,549.99,779.99,667.23
GeForce RTX 5070,2026-04-01,549.99,779.99,664.22
GeForce RTX 5070,2026-04-08,549.99,779.99,666.7
GeForce RTX 5070,2026-04-15,549.99,779.99,666.45
GeForce RTX 5070,2026-04-23,578.99,779.99,669.35
GeForce RTX 5070,2026-05-01,578.99,769.95,663.34
GeForce RTX 5070,2026-05-08,599.99,759.99,662.41
GeForce RTX 5070,2026-05-15,549.99,769.99,662.51
GeForce RTX 5070,2026-05-23,549.99,769.99,664.71
GeForce RTX 5070,2026-06-01,539.99,851.47,678.16
GeForce RTX 5070,2026-06-08,519.49,861.75,674.74
GeForce RTX 5070,2026-06-15,549.99,799.99,668.73
GeForce RTX 5070,2026-06-23,539.99,799.99,669.25
GeForce RTX 5070,2026-07-01,549.99,799.99,668.0
GeForce RTX 5070,2026-07-08,549.99,769.99,665.9
GeForce RTX 5070,2026-07-15,549.99,769.99,668.13
GeForce RTX 5070,2026-07-23,549.99,769.99,664.5
GeForce RTX 5070,2026-08-01,539.99,949.99,730.08
GeForce RTX 5070,2026-08-08,629.99,971.1,804.85
GeForce RTX 5070,2026-08-15,669.99,1039.99,851.11
GeForce RTX 5070,2026-08-23,699.99,1004.99,849.96
GeForce RTX 5070,2026-09-01,669.99,1039.99,861.01
GeForce RTX 5070,2026-09-08,699.99,953.99,850.5
GeForce RTX 5070 Ti,2025-02-15,899.99,999.99,954.99
GeForce RTX 5070 Ti,2025-02-23,749.99,999.99,857.49
GeForce RTX 5070 Ti,2025-03-01,749.99,1869.0,1069.96
GeForce RTX 5070 Ti,2025-03-08,749.99,1424.99,1010.94
GeForce RTX 5070 Ti,2025-03-15,749.99,1399.0,994.96
GeForce RTX 5070 Ti,2025-03-23,749.99,1399.99,972.52
GeForce RTX 5070 Ti,2025-04-01,749.99,1149.99,922.3
GeForce RTX 5070 Ti,2025-04-08,749.99,1428.99,983.58
GeForce RTX 5070 Ti,2025-04-15,699.0,1299.99,937.19
GeForce RTX 5070 Ti,2025-04-23,749.99,1199.0,949.06
GeForce RTX 5070 Ti,2025-05-01,749.99,1199.99,961.22
GeForce RTX 5070 Ti,2025-05-08,749.99,1189.99,941.95
GeForce RTX 5070 Ti,2025-05-15,749.99,1108.24,940.46
GeForce RTX 5070 Ti,2025-05-23,749.99,1249.99,974.37
GeForce RTX 5070 Ti,2025-06-01,749.99,1259.99,971.59
GeForce RTX 5070 Ti,2025-06-08,749.99,1149.0,948.4
GeForce RTX 5070 Ti,2025-06-15,749.99,1149.99,945.12
GeForce RTX 5070 Ti,2025-06-23,749.99,1148.94,941.0
GeForce RTX 5070 Ti,2025-07-01,749.99,1169.0,941.93
GeForce RTX 5070 Ti,2025-07-08,749.99,1149.0,947.64
GeForce RTX 5070 Ti,2025-07-15,749.99,1149.0,919.84
GeForce RTX 5070 Ti,2025-07-23,749.99,1149.0,916.04
GeForce RTX 5070 Ti,2025-08-01,749.99,1121.07,894.53
GeForce RTX 5070 Ti,2025-08-08,749.99,1216.1,906.48
GeForce RTX 5070 Ti,2025-08-15,749.99,1251.83,908.19
GeForce RTX 5070 Ti,2025-08-23,749.99,1216.15,896.5
GeForce RTX 5070 Ti,2025-09-01,749.99,1209.99,868.19
GeForce RTX 5070 Ti,2025-09-08,749.99,1099.0,858.45
GeForce RTX 5070 Ti,2025-09-15,749.99,1099.0,860.97
GeForce RTX 5070 Ti,2025-09-23,749.99,1099.0,867.85
GeForce RTX 5070 Ti,2025-10-01,749.99,1039.99,848.41
GeForce RTX 5070 Ti,2025-10-08,749.99,999.0,826.32
GeForce RTX 5070 Ti,2025-10-15,749.99,1059.99,843.62
GeForce RTX 5070 Ti,2025-10-23,749.99,969.99,822.39
GeForce RTX 5070 Ti,2025-11-01,749.99,969.99,824.73
GeForce RTX 5070 Ti,2025-11-08,749.99,999.99,835.16
GeForce RTX 5070 Ti,2025-11-15,749.99,999.99,834.67
GeForce RTX 5070 Ti,2025-11-23,749.99,999.99,827.48
GeForce RTX 5070 Ti,2025-12-01,749.99,1041.21,840.35
GeForce RTX 5070 Ti,2025-12-08,729.99,1079.99,869.31
GeForce RTX 5070 Ti,2025-12-15,749.99,1099.0,871.84
GeForce RTX 5070 Ti,2025-12-23,749.99,1144.99,872.47
GeForce RTX 5070 Ti,2026-01-01,749.99,1099.0,878.55
GeForce RTX 5070 Ti,2026-01-08,749.99,1245.31,923.92
GeForce RTX 5070 Ti,2026-01-15,749.99,1298.88,933.66
GeForce RTX 5070 Ti,2026-01-23,749.99,1495.0,1028.08
GeForce RTX 5070 Ti,2026-02-01,749.99,1495.0,1033.46
GeForce RTX 5070 Ti,2026-02-08,749.99,1349.97,1013.85
GeForce RTX 5070 Ti,2026-02-15,749.99,1299.0,1001.36
GeForce RTX 5070 Ti,2026-02-23,749.99,1299.0,1015.79
GeForce RTX 5070 Ti,2026-03-01,749.99,1399.0,1052.68
GeForce RTX 5070 Ti,2026-03-08,749.99,1299.99,1015.35
GeForce RTX 5070 Ti,2026-03-15,794.99,1299.0,1031.75
GeForce RTX 5070 Ti,2026-03-23,794.99,1269.99,1029.0
GeForce RTX 5070 Ti,2026-04-01,749.99,1306.93,1036.9
GeForce RTX 5070 Ti,2026-04-08,749.99,1389.0,1052.02
GeForce RTX 5070 Ti,2026-04-15,794.99,1299.0,1037.22
GeForce RTX 5070 Ti,2026-04-23,829.99,1279.99,1031.16
GeForce RTX 5070 Ti,2026-05-01,794.99,1299.0,1031.01
GeForce RTX 5070 Ti,2026-05-08,829.99,1299.99,1060.81
GeForce RTX 5070 Ti,2026-05-15,794.99,1313.15,1042.68
GeForce RTX 5070 Ti,2026-05-23,794.99,1313.15,1043.05
GeForce RTX 5070 Ti,2026-06-01,749.99,1401.0,1051.26
GeForce RTX 5070 Ti,2026-06-08,749.99,1379.0,1048.11
GeForce RTX 5070 Ti,2026-06-15,749.99,1389.0,1052.53
GeForce RTX 5070 Ti,2026-06-23,749.99,1399.99,1038.08
GeForce RTX 5070 Ti,2026-07-01,794.99,1299.99,1038.97
GeForce RTX 5070 Ti,2026-07-08,749.99,1299.99,1034.16
GeForce RTX 5070 Ti,2026-07-15,794.99,1299.0,1041.57
GeForce RTX 5070 Ti,2026-07-23,829.99,1329.0,1050.92
GeForce RTX 5070 Ti,2026-08-01,959.95,1369.99,1123.48
GeForce RTX 5070 Ti,2026-08-08,959.95,1438.17,1204.87
GeForce RTX 5070 Ti,2026-08-15,1039.99,1497.94,1251.01
GeForce RTX 5070 Ti,2026-08-23,1039.99,1449.99,1231.69
GeForce RTX 5070 Ti,2026-09-01,1039.99,1424.91,1232.22
GeForce RTX 5070 Ti,2026-09-08,1039.99,1424.91,1235.78
GeForce RTX 5080,2025-01-23,1129.99,1399.99,1241.24
GeForce RTX 5080,2025-02-01,1149.99,1349.99,1240.58
GeForce RTX 5080,2025-02-08,1099.99,2049.99,1476.4
GeForce RTX 5080,2025-02-15,1099.99,2449.0,1650.77
GeForce RTX 5080,2025-02-23,1249.99,2384.99,1645.39
GeForce RTX 5080,2025-03-01,999.99,2399.99,1633.23
GeForce RTX 5080,2025-03-08,999.99,2419.0,1652.44
GeForce RTX 5080,2025-03-15,999.99,2189.99,1565.73
GeForce RTX 5080,2025-03-23,999.99,1999.99,1515.37
GeForce RTX 5080,2025-04-01,1199.99,1999.95,1569.59
GeForce RTX 5080,2025-04-08,1199.99,1999.97,1523.65
GeForce RTX 5080,2025-04-15,999.99,2099.99,1534.89
GeForce RTX 5080,2025-04-23,999.99,2119.0,1543.91
GeForce RTX 5080,2025-05-01,999.99,2047.0,1553.27
GeForce RTX 5080,2025-05-08,999.99,1966.97,1557.44
GeForce RTX 5080,2025-05-15,1249.99,1999.95,1595.7
GeForce RTX 5080,2025-05-23,999.99,2089.97,1572.53
GeForce RTX 5080,2025-06-01,999.99,1999.97,1573.08
GeForce RTX 5080,2025-06-08,1249.99,2029.99,1583.01
GeForce RTX 5080,2025-06-15,1249.99,1982.76,1578.16
GeForce RTX 5080,2025-06-23,1249.99,1888.99,1568.78
GeForce RTX 5080,2025-07-01,1249.99,1989.99,1579.48
GeForce RTX 5080,2025-07-08,1264.99,1945.0,1583.45
GeForce RTX 5080,2025-07-15,1099.99,1973.0,1538.75
GeForce RTX 5080,2025-07-23,1099.99,1999.99,1538.94
GeForce RTX 5080,2025-08-01,999.99,1973.0,1500.26
GeForce RTX 5080,2025-08-08,999.99,1985.99,1500.57
GeForce RTX 5080,2025-08-15,999.99,1973.0,1456.73
GeForce RTX 5080,2025-08-23,999.99,1973.0,1388.36
GeForce RTX 5080,2025-09-01,999.99,1799.99,1378.55
GeForce RTX 5080,2025-09-08,999.0,1948.98,1359.58
GeForce RTX 5080,2025-09-15,999.99,1799.99,1339.96
GeForce RTX 5080,2025-09-23,999.99,1869.9,1370.07
GeForce RTX 5080,2025-10-01,999.0,1999.0,1391.21
GeForce RTX 5080,2025-10-08,999.99,1949.0,1350.74
GeForce RTX 5080,2025-10-15,979.99,1949.0,1359.43
GeForce RTX 5080,2025-10-23,999.99,1869.9,1347.74
GeForce RTX 5080,2025-11-01,999.0,1869.9,1346.92
GeForce RTX 5080,2025-11-08,989.0,1973.0,1397.55
GeForce RTX 5080,2025-11-15,989.0,1973.0,1389.35
GeForce RTX 5080,2025-11-23,989.0,2117.9,1392.92
GeForce RTX 5080,2025-12-01,989.0,2196.59,1421.96
GeForce RTX 5080,2025-12-08,989.0,1997.0,1429.01
GeForce RTX 5080,2025-12-15,999.99,1988.47,1451.54
GeForce RTX 5080,2025-12-23,999.99,1973.0,1445.78
GeForce RTX 5080,2026-01-01,999.99,1973.0,1455.46
GeForce RTX 5080,2026-01-08,999.99,1974.0,1485.55
GeForce RTX 5080,2026-01-15,999.99,2222.9,1495.47
GeForce RTX 5080,2026-01-23,999.99,2259.99,1556.94
GeForce RTX 5080,2026-02-01,999.99,2300.2,1588.73
GeForce RTX 5080,2026-02-08,999.0,2398.0,1591.49
GeForce RTX 5080,2026-02-15,999.0,2049.99,1537.7
GeForce RTX 5080,2026-02-23,999.0,2049.99,1573.35
GeForce RTX 5080,2026-03-01,999.0,2498.0,1601.7
GeForce RTX 5080,2026-03-08,999.0,2200.94,1565.78
GeForce RTX 5080,2026-03-15,999.0,2399.24,1581.98
GeForce RTX 5080,2026-03-23,999.0,2201.39,1567.1
GeForce RTX 5080,2026-04-01,999.0,2066.99,1546.03
GeForce RTX 5080,2026-04-08,999.0,2049.99,1551.29
GeForce RTX 5080,2026-04-15,999.0,2049.99,1554.65
GeForce RTX 5080,2026-04-23,999.0,2072.24,1557.6
GeForce RTX 5080,2026-05-01,999.0,2049.99,1557.0
GeForce RTX 5080,2026-05-08,999.0,2335.25,1582.14
GeForce RTX 5080,2026-05-15,999.0,2349.99,1588.95
GeForce RTX 5080,2026-05-23,999.0,2049.99,1564.52
GeForce RTX 5080,2026-06-01,999.0,2395.9,1586.5
GeForce RTX 5080,2026-06-08,999.0,2066.99,1559.86
GeForce RTX 5080,2026-06-15,999.0,2229.99,1572.87
GeForce RTX 5080,2026-06-23,999.0,2193.31,1568.73
GeForce RTX 5080,2026-07-01,999.0,2049.99,1531.38
GeForce RTX 5080,2026-07-08,999.99,2066.99,1545.77
GeForce RTX 5080,2026-07-15,999.99,2229.99,1563.1
GeForce RTX 5080,2026-07-23,999.99,2049.99,1550.49
GeForce RTX 5080,2026-08-01,999.99,2229.99,1637.84
GeForce RTX 5080,2026-08-08,999.99,2229.99,1707.12
GeForce RTX 5080,2026-08-15,1249.99,2229.99,1763.18
GeForce RTX 5080,2026-08-23,1249.99,2299.0,1763.8
GeForce RTX 5080,2026-09-01,1449.99,2235.99,1800.33
GeForce RTX 5080,2026-09-08,1259.99,2235.99,1802.64
GeForce RTX 5090,2025-01-23,1999.99,2499.99,2315.7
GeForce RTX 5090,2025-02-01,1999.99,2799.99,2396.66
GeForce RTX 5090,2025-02-08,2529.99,2849.99,2698.12
GeForce RTX 5090,2025-02-15,2399.99,2799.99,2663.84
GeForce RTX 5090,2025-02-23,2249.99,3079.99,2678.81
GeForce RTX 5090,2025-03-01,1999.99,3666.66,2726.5
GeForce RTX 5090,2025-03-08,1999.99,4499.0,3118.06
GeForce RTX 5090,2025-03-15,1999.99,4564.0,3256.65
GeForce RTX 5090,2025-03-23,1999.0,4491.0,3267.99
GeForce RTX 5090,2025-04-01,1999.99,4389.99,3276.76
GeForce RTX 5090,2025-04-08,1999.99,4699.99,3215.99
GeForce RTX 5090,2025-04-15,1839.0,4499.99,3121.59
GeForce RTX 5090,2025-04-23,1999.99,4598.99,3199.95
GeForce RTX 5090,2025-05-01,2639.99,3999.99,3224.66
GeForce RTX 5090,2025-05-08,2639.99,4050.0,3243.03
GeForce RTX 5090,2025-05-15,2639.99,3719.99,3177.65
GeForce RTX 5090,2025-05-23,2639.99,3899.0,3181.21
GeForce RTX 5090,2025-06-01,2639.99,3746.99,3153.23
GeForce RTX 5090,2025-06-08,2639.99,3719.99,3144.12
GeForce RTX 5090,2025-06-15,2759.99,3550.0,3098.15
GeForce RTX 5090,2025-06-23,2639.99,3499.99,3066.18
GeForce RTX 5090,2025-07-01,2639.99,3450.0,3027.72
GeForce RTX 5090,2025-07-08,2499.99,3499.99,2997.65
GeForce RTX 5090,2025-07-15,2499.99,3359.99,2929.97
GeForce RTX 5090,2025-07-23,2499.99,3719.99,2935.56
GeForce RTX 5090,2025-08-01,2399.99,3359.99,2856.43
GeForce RTX 5090,2025-08-08,1999.99,3399.99,2802.35
GeForce RTX 5090,2025-08-15,1999.99,3619.99,2790.18
GeForce RTX 5090,2025-08-23,1999.99,3862.99,2742.81
GeForce RTX 5090,2025-09-01,1999.99,3862.99,2705.12
GeForce RTX 5090,2025-09-08,1999.99,3719.99,2699.69
GeForce RTX 5090,2025-09-15,1999.99,3719.99,2673.12
GeForce RTX 5090,2025-09-23,1999.99,3719.99,2716.4
GeForce RTX 5090,2025-10-01,1999.99,3719.99,2746.39
GeForce RTX 5090,2025-10-08,1999.99,3719.99,2749.75
GeForce RTX 5090,2025-10-15,1999.99,3719.99,2764.91
GeForce RTX 5090,2025-10-23,1999.99,3719.99,2836.87
GeForce RTX 5090,2025-11-01,1999.99,4099.0,2933.78
GeForce RTX 5090,2025-11-08,1999.99,4419.9,2932.02
GeForce RTX 5090,2025-11-15,1999.99,4419.9,2906.54
GeForce RTX 5090,2025-11-23,1999.99,4419.9,2944.47
GeForce RTX 5090,2025-12-01,1999.99,4419.9,2973.57
GeForce RTX 5090,2025-12-08,1999.99,4419.9,3000.88
GeForce RTX 5090,2025-12-15,1999.99,4419.9,2982.35
GeForce RTX 5090,2025-12-23,1999.99,4419.9,3002.05
GeForce RTX 5090,2026-01-01,1999.99,4419.9,3033.35
GeForce RTX 5090,2026-01-08,1999.99,4999.0,3174.59
GeForce RTX 5090,2026-01-15,1999.99,4799.0,3154.91
GeForce RTX 5090,2026-01-23,1999.99,4799.97,3353.11
GeForce RTX 5090,2026-02-01,2499.99,4799.97,3574.8
GeForce RTX 5090,2026-02-08,2599.99,4799.97,3702.96
GeForce RTX 5090,2026-02-15,2599.99,4599.99,3694.84
GeForce RTX 5090,2026-02-23,2599.99,4847.21,3659.01
GeForce RTX 5090,2026-03-01,2909.99,4499.99,3830.68
GeForce RTX 5090,2026-03-08,2865.29,4499.99,3761.47
GeForce RTX 5090,2026-03-15,2835.51,4499.99,3779.14
GeForce RTX 5090,2026-03-23,2835.51,4599.99,3801.17
GeForce RTX 5090,2026-04-01,2835.51,4499.0,3766.31
GeForce RTX 5090,2026-04-08,3109.99,4499.0,3844.8
GeForce RTX 5090,2026-04-15,3109.99,4499.0,3809.62
GeForce RTX 5090,2026-04-23,3109.99,4418.0,3790.35
GeForce RTX 5090,2026-05-01,2835.51,4799.0,3804.59
GeForce RTX 5090,2026-05-08,3285.99,4399.99,3848.16
GeForce RTX 5090,2026-05-15,3285.99,4450.0,3891.93
GeForce RTX 5090,2026-05-23,3199.0,4599.0,3912.34
GeForce RTX 5090,2026-06-01,3199.0,4799.0,4069.08
GeForce RTX 5090,2026-06-08,3199.0,4699.99,4184.78
GeForce RTX 5090,2026-06-15,3199.0,4799.99,4229.83
GeForce RTX 5090,2026-06-23,3199.0,4999.0,4233.64
GeForce RTX 5090,2026-07-01,3539.99,4679.0,4233.99
GeForce RTX 5090,2026-07-08,3620.52,4899.0,4267.62
GeForce RTX 5090,2026-07-15,3720.12,4679.0,4265.91
GeForce RTX 5090,2026-07-23,3539.99,4679.0,4208.85
GeForce RTX 5090,2026-08-01,4099.95,4929.99,4455.55
GeForce RTX 5090,2026-08-08,4099.99,4929.99,4528.46
GeForce RTX 5090,2026-08-15,4099.99,5397.0,4636.57
GeForce RTX 5090,2026-08-23,4099.99,5319.99,4699.32
GeForce RTX 5090,2026-09-01,4099.99,5769.99,4795.46
GeForce RTX 5090,2026-09-08,4099.99,5769.41,4721.49
Radeon RX 7600,2023-06-01,269.99,289.99,275.64
Radeon RX 7600,2023-06-08,257.0,289.99,273.91
Radeon RX 7600,2023-06-15,249.99,279.99,265.99
Radeon RX 7600,2023-06-23,257.99,289.99,272.86
Radeon RX 7600,2023-07-01,257.99,309.99,277.55
Radeon RX 7600,2023-07-08,254.99,289.99,269.08
Radeon RX 7600,2023-07-15,257.99,289.99,272.42
Radeon RX 7600,2023-07-23,257.99,289.99,272.18
Radeon RX 7600,2023-08-01,254.99,291.99,273.92
Radeon RX 7600,2023-08-08,257.99,291.99,272.95
Radeon RX 7600,2023-08-15,269.99,269.99,269.99
Radeon RX 7600,2023-08-23,254.99,289.99,270.87
Radeon RX 7600,2023-09-01,254.99,289.99,270.8
Radeon RX 7600,2023-09-08,249.99,289.99,268.87
Radeon RX 7600,2023-09-15,249.99,279.99,267.55
Radeon RX 7600,2023-09-23,249.0,279.99,265.88
Radeon RX 7600,2023-10-01,257.99,289.99,273.8
Radeon RX 7600,2023-10-08,239.99,279.99,262.91
Radeon RX 7600,2023-10-15,249.99,289.99,268.84
Radeon RX 7600,2023-10-23,249.99,289.99,271.03
Radeon RX 7600,2023-11-01,259.99,289.99,270.18
Radeon RX 7600,2023-11-08,259.99,289.99,272.21
Radeon RX 7600,2023-11-15,249.99,289.99,271.3
Radeon RX 7600,2023-11-23,239.99,279.99,258.64
Radeon RX 7600,2023-12-01,239.99,294.99,264.96
Radeon RX 7600,2023-12-08,259.99,289.99,272.45
Radeon RX 7600,2023-12-15,259.99,306.05,276.4
Radeon RX 7600,2023-12-23,259.99,289.99,273.9
Radeon RX 7600,2024-01-01,269.99,306.05,277.64
Radeon RX 7600,2024-01-08,259.99,306.12,276.78
Radeon RX 7600,2024-01-15,269.99,306.12,277.54
Radeon RX 7600,2024-01-23,269.99,289.99,275.21
Radeon RX 7600,2024-02-01,259.99,289.99,273.17
Radeon RX 7600,2024-02-08,259.99,289.99,273.32
Radeon RX 7600,2024-02-15,259.99,289.99,272.88
Radeon RX 7600,2024-02-23,259.99,289.99,271.48
Radeon RX 7600,2024-03-01,259.99,289.99,273.79
Radeon RX 7600,2024-03-08,259.99,289.99,271.48
Radeon RX 7600,2024-03-15,259.99,289.99,273.14
Radeon RX 7600,2024-03-23,259.99,289.99,273.55
Radeon RX 7600,2024-04-01,259.99,319.99,277.9
Radeon RX 7600,2024-04-08,259.99,339.99,284.76
Radeon RX 7600,2024-04-15,259.99,289.99,272.49
Radeon RX 7600,2024-04-23,259.99,289.99,271.73
Radeon RX 7600,2024-05-01,249.99,299.99,271.95
Radeon RX 7600,2024-05-08,259.99,299.99,272.03
Radeon RX 7600,2024-05-15,259.99,299.99,271.15
Radeon RX 7600,2024-05-23,259.99,299.99,270.38
Radeon RX 7600,2024-06-01,239.99,319.99,273.99
Radeon RX 7600,2024-06-08,249.99,319.99,273.55
Radeon RX 7600,2024-06-15,249.99,299.99,269.19
Radeon RX 7600,2024-06-23,235.59,299.0,267.37
Radeon RX 7600,2024-07-01,249.99,323.99,277.42
Radeon RX 7600,2024-07-08,249.99,279.99,263.73
Radeon RX 7600,2024-07-15,249.99,289.99,266.02
Radeon RX 7600,2024-07-23,249.99,319.99,273.97
Radeon RX 7600,2024-08-01,249.99,319.99,275.58
Radeon RX 7600,2024-08-08,239.99,299.0,269.3
Radeon RX 7600,2024-08-15,232.19,299.0,268.21
Radeon RX 7600,2024-08-23,249.97,289.99,266.68
Radeon RX 7600,2024-09-01,249.99,319.99,275.49
Radeon RX 7600,2024-09-08,249.99,319.99,274.97
Radeon RX 7600,2024-09-15,249.99,299.0,267.4
Radeon RX 7600,2024-09-23,249.99,289.99,262.82
Radeon RX 7600,2024-10-01,249.99,339.99,279.73
Radeon RX 7600,2024-10-08,249.99,299.0,266.31
Radeon RX 7600,2024-10-15,249.99,339.99,279.38
Radeon RX 7600,2024-10-23,249.99,297.0,266.29
Radeon RX 7600,2024-11-01,249.99,319.99,270.32
Radeon RX 7600,2024-11-08,249.99,339.99,281.27
Radeon RX 7600,2024-11-15,249.99,319.99,274.15
Radeon RX 7600,2024-11-23,229.99,319.99,268.48
Radeon RX 7600,2024-12-01,229.99,299.99,266.57
Radeon RX 7600,2024-12-08,242.99,339.99,276.05
Radeon RX 7600,2024-12-15,249.99,339.99,279.25
Radeon RX 7600,2024-12-23,229.99,339.99,280.38
Radeon RX 7600,2025-01-01,251.99,319.99,276.14
Radeon RX 7600,2025-01-08,242.99,289.99,266.02
Radeon RX 7600,2025-01-15,249.97,289.99,270.42
Radeon RX 7600,2025-01-23,242.99,289.99,267.67
Radeon RX 7600,2025-02-01,259.99,289.99,269.52
Radeon RX 7600,2025-02-08,242.99,286.99,268.14
Radeon RX 7600,2025-02-15,259.99,286.99,272.57
Radeon RX 7600,2025-02-23,249.99,299.99,276.38
Radeon RX 7600,2025-03-01,249.99,294.99,275.41
Radeon RX 7600,2025-03-08,269.99,294.99,279.88
Radeon RX 7600,2025-03-15,259.99,309.99,279.75
Radeon RX 7600,2025-03-23,259.99,339.99,288.94
Radeon RX 7600,2025-04-01,269.99,399.08,315.64
Radeon RX 7600,2025-04-08,269.99,419.66,317.8
Radeon RX 7600,2025-04-15,269.99,420.42,326.09
Radeon RX 7600,2025-04-23,274.99,383.39,323.1
Radeon RX 7600,2025-05-01,274.99,400.81,333.18
Radeon RX 7600,2025-05-08,274.99,386.38,330.56
Radeon RX 7600,2025-05-15,274.99,480.0,340.84
Radeon RX 7600,2025-05-23,279.99,389.0,326.18
Radeon RX 7600,2025-06-01,279.99,396.75,325.83
Radeon RX 7600,2025-06-08,279.99,395.12,327.04
Radeon RX 7600,2025-06-15,274.99,389.0,322.87
Radeon RX 7600,2025-06-23,274.99,389.0,326.22
Radeon RX 7600,2025-07-01,274.99,339.99,307.83
Radeon RX 7600,2025-07-08,274.99,457.89,335.82
Radeon RX 7600,2025-07-15,274.99,369.95,319.91
Radeon RX 7600,2025-07-23,274.99,376.72,321.91
Radeon RX 7600,2025-08-01,274.99,370.49,321.01
Radeon RX 7600,2025-08-08,274.99,378.0,308.3
Radeon RX 7600,2025-08-15,229.99,346.48,290.72
Radeon RX 7600,2025-08-23,229.99,340.0,285.05
Radeon RX 7600,2025-09-01,239.99,359.0,293.49
Radeon RX 7600,2025-09-08,249.99,483.83,319.25
Radeon RX 7600,2025-09-15,249.99,502.99,346.36
Radeon RX 7600,2025-09-23,239.99,406.45,297.12
Radeon RX 7600,2025-10-01,239.99,359.0,289.71
Radeon RX 7600,2025-10-08,239.99,359.0,300.44
Radeon RX 7600,2025-10-15,249.99,359.0,301.69
Radeon RX 7600,2025-10-23,239.99,467.91,299.26
Radeon RX 7600,2025-11-01,239.99,459.6,298.37
Radeon RX 7600,2025-11-08,239.99,455.66,295.86
Radeon RX 7600,2025-11-15,239.99,439.58,295.31
Radeon RX 7600,2025-11-23,239.99,346.93,292.28
Radeon RX 7600,2025-12-01,239.99,346.2,294.41
Radeon RX 7600,2025-12-08,239.99,346.2,297.02
Radeon RX 7600,2025-12-15,239.99,346.2,297.0
Radeon RX 7600,2025-12-23,239.99,347.34,299.06
Radeon RX 7600,2026-01-01,249.99,348.5,303.12
Radeon RX 7600,2026-01-08,249.99,349.89,302.17
Radeon RX 7600,2026-01-15,249.99,357.29,305.59
Radeon RX 7600,2026-01-23,249.99,379.64,304.68
Radeon RX 7600,2026-02-01,249.99,434.74,314.39
Radeon RX 7600,2026-02-08,274.99,384.27,310.19
Radeon RX 7600,2026-02-15,274.99,339.99,299.68
Radeon RX 7600,2026-02-23,274.99,339.99,299.68
Radeon RX 7600,2026-03-01,279.99,349.0,309.58
Radeon RX 7600,2026-03-08,279.99,349.0,309.58
Radeon RX 7600,2026-03-15,279.99,359.0,314.58
Radeon RX 7600,2026-03-23,279.99,359.0,314.58
Radeon RX 7600,2026-04-01,279.99,359.0,314.58
Radeon RX 7600,2026-04-08,279.99,359.0,310.35
Radeon RX 7600,2026-04-15,289.99,359.0,314.66
Radeon RX 7600,2026-04-23,279.99,359.0,306.87
Radeon RX 7600,2026-05-01,279.99,359.0,306.87
Radeon RX 7600,2026-05-08,279.99,302.49,290.85
Radeon RX 7600,2026-05-15,279.99,302.49,287.99
Radeon RX 7600,2026-05-23,279.99,302.49,287.99
Radeon RX 7600,2026-06-01,259.99,379.0,306.99
Radeon RX 7600,2026-06-08,279.99,379.0,307.49
Radeon RX 7600,2026-06-15,279.99,410.31,311.4
Radeon RX 7600,2026-06-23,279.99,398.91,308.73
Radeon RX 7600,2026-07-01,279.99,395.57,310.81
Radeon RX 7600,2026-07-08,279.99,403.5,314.37
Radeon RX 7600,2026-07-15,269.99,302.49,288.7
Radeon RX 7600,2026-07-23,279.99,339.99,303.24
Radeon RX 7600,2026-08-01,299.99,399.98,326.32
Radeon RX 7600,2026-08-08,296.99,399.99,339.24
Radeon RX 7600,2026-08-15,299.99,399.99,334.49
Radeon RX 7600,2026-08-23,299.99,339.49,319.86
Radeon RX 7600,2026-09-01,319.99,460.0,362.37
Radeon RX 7600,2026-09-08,329.0,699.0,441.01
Radeon RX 7900 XTX,2022-12-15,999.99,2299.0,1456.98
Radeon RX 7900 XTX,2022-12-23,999.99,1718.99,1273.99
Radeon RX 7900 XTX,2023-01-01,999.99,1639.0,1261.28
Radeon RX 7900 XTX,2023-01-08,999.99,1649.99,1249.37
Radeon RX 7900 XTX,2023-01-15,999.99,1530.0,1188.99
Radeon RX 7900 XTX,2023-01-23,999.99,1400.99,1210.37
Radeon RX 7900 XTX,2023-02-01,999.99,1259.0,1139.88
Radeon RX 7900 XTX,2023-02-08,1069.99,1149.99,1107.13
Radeon RX 7900 XTX,2023-02-15,1069.99,1199.99,1115.55
Radeon RX 7900 XTX,2023-02-23,999.99,1199.99,1086.68
Radeon RX 7900 XTX,2023-03-01,999.99,1207.42,1106.52
Radeon RX 7900 XTX,2023-03-08,999.99,1224.99,1095.46
Radeon RX 7900 XTX,2023-03-15,999.99,1196.0,1082.05
Radeon RX 7900 XTX,2023-03-23,999.99,1233.67,1096.75
Radeon RX 7900 XTX,2023-04-01,999.99,1199.99,1105.14
Radeon RX 7900 XTX,2023-04-08,959.99,1199.99,1098.56
Radeon RX 7900 XTX,2023-04-15,959.99,1199.99,1089.1
Radeon RX 7900 XTX,2023-04-23,969.99,1199.99,1079.19
Radeon RX 7900 XTX,2023-05-01,979.99,1169.99,1077.75
Radeon RX 7900 XTX,2023-05-08,979.0,1169.99,1058.79
Radeon RX 7900 XTX,2023-05-15,969.99,1149.99,1052.82
Radeon RX 7900 XTX,2023-05-23,949.99,1149.99,1047.95
Radeon RX 7900 XTX,2023-06-01,959.99,1149.99,1054.19
Radeon RX 7900 XTX,2023-06-08,939.99,1149.99,1046.95
Radeon RX 7900 XTX,2023-06-15,979.99,1135.99,1057.18
Radeon RX 7900 XTX,2023-06-23,949.99,1299.0,1080.86
Radeon RX 7900 XTX,2023-07-01,929.99,1199.99,1057.35
Radeon RX 7900 XTX,2023-07-08,899.99,1239.0,1045.86
Radeon RX 7900 XTX,2023-07-15,929.99,1263.8,1062.62
Radeon RX 7900 XTX,2023-07-23,939.99,1207.01,1038.12
Radeon RX 7900 XTX,2023-08-01,939.99,1263.8,1055.93
Radeon RX 7900 XTX,2023-08-08,939.99,1199.99,1038.28
Radeon RX 7900 XTX,2023-08-15,959.99,1149.99,1027.74
Radeon RX 7900 XTX,2023-08-23,939.99,1184.77,1025.97
Radeon RX 7900 XTX,2023-09-01,959.99,1269.6,1036.99
Radeon RX 7900 XTX,2023-09-08,949.99,1210.9,1026.52
Radeon RX 7900 XTX,2023-09-15,949.0,1241.59,1037.28
Radeon RX 7900 XTX,2023-09-23,949.0,1214.31,1028.31
Radeon RX 7900 XTX,2023-10-01,949.0,1229.9,1045.94
Radeon RX 7900 XTX,2023-10-08,889.99,1229.9,1030.83
Radeon RX 7900 XTX,2023-10-15,899.99,1229.9,1037.85
Radeon RX 7900 XTX,2023-10-23,949.99,1263.79,1043.92
Radeon RX 7900 XTX,2023-11-01,929.99,1204.27,1038.85
Radeon RX 7900 XTX,2023-11-08,949.99,1247.59,1052.34
Radeon RX 7900 XTX,2023-11-15,949.99,1249.88,1056.31
Radeon RX 7900 XTX,2023-11-23,889.99,1179.06,1017.17
Radeon RX 7900 XTX,2023-12-01,909.99,1269.99,1038.55
Radeon RX 7900 XTX,2023-12-08,949.99,1199.0,1048.55
Radeon RX 7900 XTX,2023-12-15,959.99,1221.25,1042.48
Radeon RX 7900 XTX,2023-12-23,959.99,1276.0,1037.87
Radeon RX 7900 XTX,2024-01-01,959.99,1276.0,1052.61
Radeon RX 7900 XTX,2024-01-08,959.99,1204.4,1052.61
Radeon RX 7900 XTX,2024-01-15,929.99,1210.93,1047.86
Radeon RX 7900 XTX,2024-01-23,944.99,1201.49,1037.85
Radeon RX 7900 XTX,2024-02-01,929.99,1179.99,1027.16
Radeon RX 7900 XTX,2024-02-08,919.99,1298.69,1024.97
Radeon RX 7900 XTX,2024-02-15,919.99,1199.99,1028.32
Radeon RX 7900 XTX,2024-02-23,919.99,1279.66,1037.91
Radeon RX 7900 XTX,2024-03-01,909.99,1261.08,1026.91
Radeon RX 7900 XTX,2024-03-08,909.99,1299.0,1036.17
Radeon RX 7900 XTX,2024-03-15,909.99,1225.86,1024.07
Radeon RX 7900 XTX,2024-03-23,899.99,1215.88,1017.37
Radeon RX 7900 XTX,2024-04-01,926.73,1212.4,1021.29
Radeon RX 7900 XTX,2024-04-08,899.99,1265.24,1022.77
Radeon RX 7900 XTX,2024-04-15,904.99,1149.99,997.05
Radeon RX 7900 XTX,2024-04-23,849.99,1149.99,989.17
Radeon RX 7900 XTX,2024-05-01,879.99,1099.99,991.22
Radeon RX 7900 XTX,2024-05-08,899.99,1149.99,988.27
Radeon RX 7900 XTX,2024-05-15,899.99,1149.0,987.72
Radeon RX 7900 XTX,2024-05-23,916.75,1099.99,978.1
Radeon RX 7900 XTX,2024-06-01,899.99,1099.99,986.97
Radeon RX 7900 XTX,2024-06-08,899.99,1099.99,972.42
Radeon RX 7900 XTX,2024-06-15,899.99,1303.46,1008.73
Radeon RX 7900 XTX,2024-06-23,912.13,1165.99,992.32
Radeon RX 7900 XTX,2024-07-01,899.99,1291.72,1014.71
Radeon RX 7900 XTX,2024-07-08,909.99,1165.99,997.71
Radeon RX 7900 XTX,2024-07-15,869.99,1099.99,960.36
Radeon RX 7900 XTX,2024-07-23,909.97,1059.99,975.14
Radeon RX 7900 XTX,2024-08-01,908.99,1099.99,979.98
Radeon RX 7900 XTX,2024-08-08,908.99,1059.99,967.94
Radeon RX 7900 XTX,2024-08-15,908.99,1059.99,972.39
Radeon RX 7900 XTX,2024-08-23,899.99,1099.99,974.1
Radeon RX 7900 XTX,2024-09-01,899.97,1099.99,962.73
Radeon RX 7900 XTX,2024-09-08,879.99,1099.99,965.94
Radeon RX 7900 XTX,2024-09-15,899.97,1099.99,963.08
Radeon RX 7900 XTX,2024-09-23,899.97,1099.99,966.18
Radeon RX 7900 XTX,2024-10-01,899.99,1099.99,975.55
Radeon RX 7900 XTX,2024-10-08,788.49,1179.99,930.02
Radeon RX 7900 XTX,2024-10-15,849.99,1099.99,948.56
Radeon RX 7900 XTX,2024-10-23,869.99,1179.99,958.88
Radeon RX 7900 XTX,2024-11-01,839.99,1179.99,950.24
Radeon RX 7900 XTX,2024-11-08,839.99,1099.99,928.3
Radeon RX 7900 XTX,2024-11-15,839.99,1099.99,935.19
Radeon RX 7900 XTX,2024-11-23,819.99,1206.28,944.81
Radeon RX 7900 XTX,2024-12-01,819.97,1306.39,956.82
Radeon RX 7900 XTX,2024-12-08,839.99,1099.99,956.34
Radeon RX 7900 XTX,2024-12-15,829.99,1296.09,1015.39
Radeon RX 7900 XTX,2024-12-23,849.99,1179.99,959.28
Radeon RX 7900 XTX,2025-01-01,869.99,1179.99,1003.87
Radeon RX 7900 XTX,2025-01-08,929.99,1346.26,1060.97
Radeon RX 7900 XTX,2025-01-15,899.97,1345.98,1047.13
Radeon RX 7900 XTX,2025-01-23,869.99,1379.99,1045.92
Radeon RX 7900 XTX,2025-02-01,829.99,1399.99,1081.08
Radeon RX 7900 XTX,2025-02-08,929.99,1439.0,1061.73
Radeon RX 7900 XTX,2025-02-15,919.99,1699.99,1318.98
Radeon RX 7900 XTX,2025-02-23,919.99,1699.99,1324.64
Radeon RX 7900 XTX,2025-03-01,979.99,1699.99,1290.83
Radeon RX 7900 XTX,2025-03-08,919.99,1798.0,1293.81
Radeon RX 7900 XTX,2025-03-15,919.99,1798.0,1280.84
Radeon RX 7900 XTX,2025-03-23,919.99,1448.0,1138.53
Radeon RX 7900 XTX,2025-04-01,999.99,1678.0,1196.32
Radeon RX 7900 XTX,2025-04-08,799.99,1678.0,1167.26
Radeon RX 7900 XTX,2025-04-15,799.99,1678.0,1144.51
Radeon RX 7900 XTX,2025-04-23,799.99,1399.99,1106.11
Radeon RX 7900 XTX,2025-05-01,799.99,1319.0,1086.13
Radeon RX 7900 XTX,2025-05-08,799.99,1349.99,1101.43
Radeon RX 7900 XTX,2025-05-15,799.99,1179.99,1079.3
Radeon RX 7900 XTX,2025-05-23,989.97,1179.99,1082.88
Radeon RX 7900 XTX,2025-06-01,989.97,1289.0,1105.15
Radeon RX 7900 XTX,2025-06-08,989.97,1289.0,1101.68
Radeon RX 7900 XTX,2025-06-15,989.97,1239.9,1092.58
Radeon RX 7900 XTX,2025-06-23,799.99,1335.24,1085.04
Radeon RX 7900 XTX,2025-07-01,799.99,1229.99,1043.49
Radeon RX 7900 XTX,2025-07-08,899.99,1335.24,1104.51
Radeon RX 7900 XTX,2025-07-15,899.99,1315.0,1100.09
Radeon RX 7900 XTX,2025-07-23,899.99,1329.0,1104.79
Radeon RX 7900 XTX,2025-08-01,899.99,1249.9,1033.63
Radeon RX 7900 XTX,2025-08-08,899.99,1199.0,1024.22
Radeon RX 7900 XTX,2025-08-15,849.99,1199.0,1018.66
Radeon RX 7900 XTX,2025-08-23,849.99,1199.0,1017.1
Radeon RX 7900 XTX,2025-09-01,849.99,1199.0,1016.44
Radeon RX 7900 XTX,2025-09-08,749.99,1199.0,1010.2
Radeon RX 7900 XTX,2025-09-15,749.99,1199.0,988.11
Radeon RX 7900 XTX,2025-09-23,749.99,1179.99,948.34
Radeon RX 7900 XTX,2025-10-01,799.99,1179.99,954.88
Radeon RX 7900 XTX,2025-10-08,749.99,1221.42,963.53
Radeon RX 7900 XTX,2025-10-15,799.99,1349.99,997.5
Radeon RX 7900 XTX,2025-10-23,799.99,1278.75,978.8
Radeon RX 7900 XTX,2025-11-01,799.99,1237.22,978.07
Radeon RX 7900 XTX,2025-11-08,799.99,1490.0,1018.48
Radeon RX 7900 XTX,2025-11-15,799.99,1498.0,1036.79
Radeon RX 7900 XTX,2025-11-23,799.99,1490.0,1041.67
Radeon RX 7900 XTX,2025-12-01,799.99,1490.0,1019.61
Radeon RX 7900 XTX,2025-12-08,799.99,1490.0,1034.21
Radeon RX 7900 XTX,2025-12-15,799.99,1490.0,1032.96
Radeon RX 7900 XTX,2025-12-23,799.99,1490.0,1046.59
Radeon RX 7900 XTX,2026-01-01,847.99,1490.0,1074.41
Radeon RX 7900 XTX,2026-01-08,847.99,1490.0,1103.51
Radeon RX 7900 XTX,2026-01-15,847.99,1485.0,1055.27
Radeon RX 7900 XTX,2026-01-23,847.99,1527.8,1135.52
Radeon RX 7900 XTX,2026-02-01,879.99,1227.17,1058.71
Radeon RX 7900 XTX,2026-02-08,879.99,1299.0,1080.79
Radeon RX 7900 XTX,2026-02-15,847.99,1225.0,1029.21
Radeon RX 7900 XTX,2026-02-23,847.99,1179.99,986.85
Radeon RX 7900 XTX,2026-03-01,879.99,1595.0,1141.49
Radeon RX 7900 XTX,2026-03-08,879.99,1269.99,1069.14
Radeon RX 7900 XTX,2026-03-15,879.99,1334.31,1083.8
Radeon RX 7900 XTX,2026-03-23,879.99,1429.99,1093.88
Radeon RX 7900 XTX,2026-04-01,879.99,1599.0,1144.39
Radeon RX 7900 XTX,2026-04-08,879.99,1599.0,1188.29
Radeon RX 7900 XTX,2026-04-15,879.99,1525.0,1150.89
Radeon RX 7900 XTX,2026-04-23,879.99,1295.0,1051.87
Radeon RX 7900 XTX,2026-05-01,879.99,1345.99,1058.24
Radeon RX 7900 XTX,2026-05-08,879.99,1340.0,1073.32
Radeon RX 7900 XTX,2026-05-15,879.99,1199.99,1039.99
Radeon RX 7900 XTX,2026-05-23,879.99,1340.0,1056.66
Radeon RX 7900 XTX,2026-06-01,879.99,1289.99,1056.66
Radeon RX 7900 XTX,2026-06-08,879.99,1179.99,1021.24
Radeon RX 7900 XTX,2026-06-15,879.99,1179.99,1017.13
Radeon RX 7900 XTX,2026-06-23,879.99,1179.99,1017.13
Radeon RX 7900 XTX,2026-07-01,879.99,1445.99,1073.99
Radeon RX 7900 XTX,2026-07-08,879.99,1790.0,1209.99
Radeon RX 7900 XTX,2026-07-15,899.99,1399.99,1069.49
Radeon RX 7900 XTX,2026-07-23,899.99,1399.99,1106.1
Radeon RX 7900 XTX,2026-08-01,929.99,1499.0,1231.44
Radeon RX 7900 XTX,2026-08-08,985.99,1399.0,1132.99
Radeon RX 7900 XTX,2026-08-15,985.99,1499.0,1343.74
Radeon RX 7900 XTX,2026-08-23,1029.99,1799.0,1330.24
Radeon RX 7900 XTX,2026-09-01,1091.99,1799.0,1463.33
Radeon RX 7900 XTX,2026-09-08,1799.0,1799.0,1799.0
Radeon RX 9060 XT,2025-06-08,349.99,519.99,397.67
Radeon RX 9060 XT,2025-06-15,349.99,479.99,390.93
Radeon RX 9060 XT,2025-06-23,349.99,539.99,422.66
Radeon RX 9060 XT,2025-07-01,349.99,514.72,414.64
Radeon RX 9060 XT,2025-07-08,349.99,524.0,411.87
Radeon RX 9060 XT,2025-07-15,349.99,461.27,401.46
Radeon RX 9060 XT,2025-07-23,349.99,501.39,404.44
Radeon RX 9060 XT,2025-08-01,349.99,439.99,394.36
Radeon RX 9060 XT,2025-08-08,349.99,479.99,402.82
Radeon RX 9060 XT,2025-08-15,349.99,439.99,394.35
Radeon RX 9060 XT,2025-08-23,349.99,529.0,417.61
Radeon RX 9060 XT,2025-09-01,349.99,479.99,397.63
Radeon RX 9060 XT,2025-09-08,349.99,524.0,411.14
Radeon RX 9060 XT,2025-09-15,349.99,399.99,381.99
Radeon RX 9060 XT,2025-09-23,349.99,524.0,407.45
Radeon RX 9060 XT,2025-10-01,349.99,524.0,409.12
Radeon RX 9060 XT,2025-10-08,349.99,439.99,385.9
Radeon RX 9060 XT,2025-10-15,349.99,399.99,378.88
Radeon RX 9060 XT,2025-10-23,349.99,439.99,390.95
Radeon RX 9060 XT,2025-11-01,349.99,479.99,401.88
Radeon RX 9060 XT,2025-11-08,359.99,439.99,399.31
Radeon RX 9060 XT,2025-11-15,359.99,439.99,398.67
Radeon RX 9060 XT,2025-11-23,349.99,455.99,392.75
Radeon RX 9060 XT,2025-12-01,349.99,429.99,391.22
Radeon RX 9060 XT,2025-12-08,369.99,469.99,403.27
Radeon RX 9060 XT,2025-12-15,369.99,469.99,403.92
Radeon RX 9060 XT,2025-12-23,379.99,469.99,410.54
Radeon RX 9060 XT,2026-01-01,384.0,524.0,425.62
Radeon RX 9060 XT,2026-01-08,389.99,475.98,425.86
Radeon RX 9060 XT,2026-01-15,389.99,524.0,440.27
Radeon RX 9060 XT,2026-01-23,389.99,549.99,463.42
Radeon RX 9060 XT,2026-02-01,413.49,549.99,480.05
Radeon RX 9060 XT,2026-02-08,413.49,549.99,478.81
Radeon RX 9060 XT,2026-02-15,423.99,549.99,479.36
Radeon RX 9060 XT,2026-02-23,423.99,549.99,484.03
Radeon RX 9060 XT,2026-03-01,423.99,529.99,482.0
Radeon RX 9060 XT,2026-03-08,423.99,584.41,484.07
Radeon RX 9060 XT,2026-03-15,423.99,573.54,487.36
Radeon RX 9060 XT,2026-03-23,423.99,549.99,481.1
Radeon RX 9060 XT,2026-04-01,423.99,549.99,481.14
Radeon RX 9060 XT,2026-04-08,419.99,549.99,481.08
Radeon RX 9060 XT,2026-04-15,423.99,592.71,483.27
Radeon RX 9060 XT,2026-04-23,423.99,553.21,487.03
Radeon RX 9060 XT,2026-05-01,423.99,529.99,477.34
Radeon RX 9060 XT,2026-05-08,423.99,544.49,476.48
Radeon RX 9060 XT,2026-05-15,423.99,515.69,476.45
Radeon RX 9060 XT,2026-05-23,423.99,553.21,473.76
Radeon RX 9060 XT,2026-06-01,423.99,537.24,477.75
Radeon RX 9060 XT,2026-06-08,423.99,537.24,477.12
Radeon RX 9060 XT,2026-06-15,423.99,548.77,478.28
Radeon RX 9060 XT,2026-06-23,423.99,553.21,471.51
Radeon RX 9060 XT,2026-07-01,419.99,563.5,472.07
Radeon RX 9060 XT,2026-07-08,423.99,553.21,475.79
Radeon RX 9060 XT,2026-07-15,448.99,529.99,478.62
Radeon RX 9060 XT,2026-07-23,444.99,549.95,477.34
Radeon RX 9060 XT,2026-08-01,448.99,619.0,494.77
Radeon RX 9060 XT,2026-08-08,469.99,625.23,513.08
Radeon RX 9060 XT,2026-08-15,479.0,561.99,523.05
Radeon RX 9060 XT,2026-08-23,459.99,569.99,516.24
Radeon RX 9060 XT,2026-09-01,469.99,649.99,534.76
Radeon RX 9060 XT,2026-09-08,469.99,689.95,547.7
Radeon RX 9070,2025-03-08,549.99,709.99,644.61
Radeon RX 9070,2025-03-15,549.99,709.99,644.16
Radeon RX 9070,2025-03-23,549.99,1060.8,764.17
Radeon RX 9070,2025-04-01,549.99,980.0,729.62
Radeon RX 9070,2025-04-08,549.99,1194.0,762.63
Radeon RX 9070,2025-04-15,549.99,1260.0,775.5
Radeon RX 9070,2025-04-23,549.99,1195.0,770.12
Radeon RX 9070,2025-05-01,549.99,999.99,755.42
Radeon RX 9070,2025-05-08,549.99,1049.99,743.92
Radeon RX 9070,2025-05-15,549.99,980.0,731.14
Radeon RX 9070,2025-05-23,549.99,899.99,718.87
Radeon RX 9070,2025-06-01,549.99,898.0,710.95
Radeon RX 9070,2025-06-08,549.99,827.94,689.83
Radeon RX 9070,2025-06-15,599.99,819.99,703.42
Radeon RX 9070,2025-06-23,549.99,819.99,682.89
Radeon RX 9070,2025-07-01,549.99,899.0,705.37
Radeon RX 9070,2025-07-08,549.99,912.9,703.56
Radeon RX 9070,2025-07-15,599.99,750.99,671.54
Radeon RX 9070,2025-07-23,549.99,836.63,680.8
Radeon RX 9070,2025-08-01,599.99,773.43,673.39
Radeon RX 9070,2025-08-08,599.99,793.79,679.61
Radeon RX 9070,2025-08-15,599.99,799.99,672.19
Radeon RX 9070,2025-08-23,549.99,799.99,676.68
Radeon RX 9070,2025-09-01,549.99,799.99,667.76
Radeon RX 9070,2025-09-08,599.99,769.99,668.54
Radeon RX 9070,2025-09-15,599.99,769.99,673.83
Radeon RX 9070,2025-09-23,599.99,799.99,670.56
Radeon RX 9070,2025-10-01,599.99,819.99,682.12
Radeon RX 9070,2025-10-08,549.99,943.26,653.95
Radeon RX 9070,2025-10-15,549.99,799.99,652.66
Radeon RX 9070,2025-10-23,549.99,847.99,651.49
Radeon RX 9070,2025-11-01,549.99,829.99,646.22
Radeon RX 9070,2025-11-08,549.99,813.99,644.9
Radeon RX 9070,2025-11-15,519.99,749.99,623.94
Radeon RX 9070,2025-11-23,519.99,801.99,618.32
Radeon RX 9070,2025-12-01,494.99,799.99,593.08
Radeon RX 9070,2025-12-08,519.99,799.99,619.43
Radeon RX 9070,2025-12-15,519.99,868.16,641.71
Radeon RX 9070,2025-12-23,519.99,799.99,624.54
Radeon RX 9070,2026-01-01,524.99,849.99,652.75
Radeon RX 9070,2026-01-08,582.99,769.99,646.19
Radeon RX 9070,2026-01-15,524.99,799.99,649.0
Radeon RX 9070,2026-01-23,582.99,877.08,678.02
Radeon RX 9070,2026-02-01,582.99,877.08,705.18
Radeon RX 9070,2026-02-08,524.99,885.64,680.53
Radeon RX 9070,2026-02-15,524.99,799.99,690.73
Radeon RX 9070,2026-02-23,582.99,799.99,688.7
Radeon RX 9070,2026-03-01,619.99,874.67,713.52
Radeon RX 9070,2026-03-08,629.99,845.23,709.1
Radeon RX 9070,2026-03-15,609.99,851.33,709.87
Radeon RX 9070,2026-03-23,599.99,859.21,707.82
Radeon RX 9070,2026-04-01,609.99,799.99,697.54
Radeon RX 9070,2026-04-08,609.99,859.99,705.04
Radeon RX 9070,2026-04-15,629.99,769.99,680.76
Radeon RX 9070,2026-04-23,629.99,739.99,684.28
Radeon RX 9070,2026-05-01,619.99,720.99,668.95
Radeon RX 9070,2026-05-08,615.59,769.99,675.02
Radeon RX 9070,2026-05-15,619.99,769.99,682.6
Radeon RX 9070,2026-05-23,599.99,732.0,666.53
Radeon RX 9070,2026-06-01,599.99,741.99,670.49
Radeon RX 9070,2026-06-08,599.99,729.99,679.65
Radeon RX 9070,2026-06-15,599.99,729.99,678.29
Radeon RX 9070,2026-06-23,579.99,720.99,656.9
Radeon RX 9070,2026-07-01,599.99,789.95,680.9
Radeon RX 9070,2026-07-08,599.99,769.99,677.13
Radeon RX 9070,2026-07-15,579.99,795.0,675.24
Radeon RX 9070,2026-07-23,619.99,789.95,687.47
Radeon RX 9070,2026-08-01,649.95,789.95,696.43
Radeon RX 9070,2026-08-08,649.95,789.95,704.88
Radeon RX 9070,2026-08-15,649.99,832.62,721.2
Radeon RX 9070,2026-08-23,649.99,789.95,709.79
Radeon RX 9070,2026-09-01,649.99,789.95,710.2
Radeon RX 9070,2026-09-08,649.99,802.79,716.33
Radeon RX 9070 XT,2025-03-08,669.99,799.99,752.85
Radeon RX 9070 XT,2025-03-15,669.99,939.99,768.74
Radeon RX 9070 XT,2025-03-23,669.99,1749.99,956.71
Radeon RX 9070 XT,2025-04-01,669.99,1349.95,921.76
Radeon RX 9070 XT,2025-04-08,669.99,1399.99,959.05
Radeon RX 9070 XT,2025-04-15,699.99,1349.0,920.61
Radeon RX 9070 XT,2025-04-23,699.99,1250.0,907.92
Radeon RX 9070 XT,2025-05-01,699.99,1179.0,901.8
Radeon RX 9070 XT,2025-05-08,699.99,1103.25,885.7
Radeon RX 9070 XT,2025-05-15,699.99,1069.95,875.97
Radeon RX 9070 XT,2025-05-23,699.99,1043.99,865.78
Radeon RX 9070 XT,2025-06-01,699.99,1043.99,872.84
Radeon RX 9070 XT,2025-06-08,699.99,1099.99,866.1
Radeon RX 9070 XT,2025-06-15,659.99,1049.95,851.41
Radeon RX 9070 XT,2025-06-23,659.99,1043.99,828.75
Radeon RX 9070 XT,2025-07-01,599.99,1043.99,821.38
Radeon RX 9070 XT,2025-07-08,659.99,1008.57,803.72
Radeon RX 9070 XT,2025-07-15,599.99,1052.5,821.64
Radeon RX 9070 XT,2025-07-23,599.99,1008.57,814.35
Radeon RX 9070 XT,2025-08-01,599.99,999.95,796.91
Radeon RX 9070 XT,2025-08-08,659.99,919.99,788.38
Radeon RX 9070 XT,2025-08-15,599.99,904.99,781.06
Radeon RX 9070 XT,2025-08-23,659.99,905.99,786.36
Radeon RX 9070 XT,2025-09-01,599.99,949.0,765.85
Radeon RX 9070 XT,2025-09-08,599.99,949.0,772.42
Radeon RX 9070 XT,2025-09-15,599.99,949.0,774.75
Radeon RX 9070 XT,2025-09-23,599.99,949.0,762.91
Radeon RX 9070 XT,2025-10-01,599.99,935.4,756.36
Radeon RX 9070 XT,2025-10-08,589.99,869.99,728.97
Radeon RX 9070 XT,2025-10-15,599.99,899.99,746.17
Radeon RX 9070 XT,2025-10-23,599.99,899.99,740.35
Radeon RX 9070 XT,2025-11-01,599.99,899.99,739.54
Radeon RX 9070 XT,2025-11-08,599.99,899.99,737.49
Radeon RX 9070 XT,2025-11-15,619.99,849.99,725.6
Radeon RX 9070 XT,2025-11-23,599.99,849.99,709.46
Radeon RX 9070 XT,2025-12-01,599.99,879.99,708.29
Radeon RX 9070 XT,2025-12-08,599.99,889.35,725.53
Radeon RX 9070 XT,2025-12-15,599.99,879.99,721.86
Radeon RX 9070 XT,2025-12-23,599.99,899.99,715.47
Radeon RX 9070 XT,2026-01-01,599.99,937.0,751.13
Radeon RX 9070 XT,2026-01-08,599.99,965.0,770.17
Radeon RX 9070 XT,2026-01-15,635.99,967.0,778.6
Radeon RX 9070 XT,2026-01-23,635.99,949.0,790.27
Radeon RX 9070 XT,2026-02-01,657.49,967.0,805.7
Radeon RX 9070 XT,2026-02-08,699.99,899.99,798.13
Radeon RX 9070 XT,2026-02-15,699.99,949.0,809.59
Radeon RX 9070 XT,2026-02-23,699.99,949.0,803.02
Radeon RX 9070 XT,2026-03-01,729.99,908.49,816.1
Radeon RX 9070 XT,2026-03-08,699.99,949.0,809.7
Radeon RX 9070 XT,2026-03-15,699.99,949.0,808.8
Radeon RX 9070 XT,2026-03-23,699.99,908.49,803.62
Radeon RX 9070 XT,2026-04-01,699.99,908.49,791.8
Radeon RX 9070 XT,2026-04-08,699.99,939.99,806.32
Radeon RX 9070 XT,2026-04-15,699.99,939.99,797.01
Radeon RX 9070 XT,2026-04-23,699.99,939.99,800.1
Radeon RX 9070 XT,2026-05-01,635.99,989.99,795.95
Radeon RX 9070 XT,2026-05-08,699.99,908.49,792.51
Radeon RX 9070 XT,2026-05-15,635.99,995.0,803.06
Radeon RX 9070 XT,2026-05-23,635.99,939.99,786.58
Radeon RX 9070 XT,2026-06-01,635.99,953.99,787.6
Radeon RX 9070 XT,2026-06-08,635.99,989.99,800.3
Radeon RX 9070 XT,2026-06-15,635.99,989.99,799.68
Radeon RX 9070 XT,2026-06-23,635.99,979.99,782.1
Radeon RX 9070 XT,2026-07-01,635.99,989.99,803.34
Radeon RX 9070 XT,2026-07-08,635.99,998.31,806.74
Radeon RX 9070 XT,2026-07-15,635.99,998.31,804.47
Radeon RX 9070 XT,2026-07-23,635.99,998.31,799.06
Radeon RX 9070 XT,2026-08-01,699.99,999.99,806.62
Radeon RX 9070 XT,2026-08-08,699.99,939.99,807.29
Radeon RX 9070 XT,2026-08-15,699.99,939.99,809.45
Radeon RX 9070 XT,2026-08-23,699.99,946.92,810.06
Radeon RX 9070 XT,2026-09-01,699.99,989.99,829.88
Radeon RX 9070 XT,2026-09-08,699.99,989.99,842.84
