price_id,gpu_id,爬蟲日期,最低價格,最高價格,平均價格
1,2,2021/9/15,399.99,1099,744.52
2,2,2021/9/23,399.99,1099,730.1
3,2,2021/10/1,399.99,1099,715.53
4,2,2021/10/8,399.99,1099,721.45
5,2,2021/10/15,399.99,1136,707.05
6,2,2021/10/23,399.99,1136,728.11
7,2,2021/11/1,399.99,1136,699.97
8,2,2021/11/8,399.99,1136,692.21
9,2,2021/11/15,459.99,1099.99,760.53
10,2,2021/11/23,489.99,1188.99,833.97
11,2,2021/12/1,459.99,1149,838.63
12,2,2021/12/8,459.99,1249.99,897.56
13,2,2021/12/15,459.99,1235.97,857.48
14,2,2021/12/23,459.99,1158,847.79
15,2,2022/1/1,828.54,1099,959.61
16,2,2022/1/8,853.88,1062.85,923.44
17,2,2022/1/15,828.04,1062.85,924.2
18,2,2022/1/23,689.99,1062.85,890.5
19,2,2022/2/1,802.99,1038.91,882.64
20,2,2022/2/8,790.99,999.99,873.6
21,2,2022/2/15,624.95,1062.85,865.57
22,2,2022/2/23,624.95,1038.91,837.38
23,2,2022/3/1,702,999.99,840.78
24,2,2022/3/8,539.99,1038.91,787.01
25,2,2022/3/15,529.99,999.99,766.83
26,2,2022/3/23,529.99,1125.99,783.62
27,2,2022/4/1,499.99,938,710.87
28,2,2022/4/8,479.99,1027.24,663.76
29,2,2022/4/15,399.99,1027.38,673.68
30,2,2022/4/23,399.99,997,659.26
31,2,2022/5/1,488.99,997,662.44
32,2,2022/5/8,459.99,997,621.77
33,2,2022/5/15,479.99,846.99,599.61
34,2,2022/5/23,439.99,846.99,569.53
35,2,2022/6/1,399.99,846.99,544.62
36,2,2022/6/8,399.99,818.99,526.72
37,2,2022/6/15,387.49,699,494.29
38,2,2022/6/23,379.99,699,493.58
39,2,2022/7/1,384.99,699,487.81
40,2,2022/7/8,384.99,699,482.14
41,2,2022/7/15,384.99,589.99,460.81
42,2,2022/7/23,331.99,559,450.4
43,2,2022/8/1,369.99,579,451.2
44,2,2022/8/8,369.99,589.99,443.56
45,2,2022/8/15,369.99,648,448.56
46,2,2022/8/23,369.99,589.99,442.9
47,2,2022/9/1,369.99,649.99,444.34
48,2,2022/9/8,369.48,589.99,434.44
49,2,2022/9/15,369.99,599.99,436.54
50,2,2022/9/23,369.48,589.99,437.3
51,2,2022/10/1,369.99,549.99,424.62
52,2,2022/10/8,369.48,560.99,429.73
53,2,2022/10/15,358.05,549.99,422.06
54,2,2022/10/23,369,549.99,421.62
55,2,2022/11/1,354.99,549.99,419.4
56,2,2022/11/8,354.99,579,423.29
57,2,2022/11/15,369.39,579,426.89
58,2,2022/11/23,335.99,614.94,429.52
59,2,2022/12/1,369,590.99,429.71
60,2,2022/12/8,359.99,509.9,411.77
61,2,2022/12/15,353.99,554.83,413.94
62,2,2022/12/23,349.99,579,414.28
63,2,2023/1/1,349.99,549.99,424.87
64,2,2023/1/8,349.99,599.95,437.69
65,2,2023/1/15,349.99,589,432.91
66,2,2023/1/23,349.99,549.99,420.8
67,2,2023/2/1,349.99,549.99,417.16
68,2,2023/2/8,348.59,549.99,419.48
69,2,2023/2/15,349.99,549.99,421.83
70,2,2023/2/23,349.99,549.99,412.47
71,2,2023/3/1,349.99,576.22,415.77
72,2,2023/3/8,349.99,576.22,411.03
73,2,2023/3/15,342.99,510,402.4
74,2,2023/3/23,342.99,549.99,402.33
75,2,2023/4/1,329.99,559.99,402.97
76,2,2023/4/8,324.99,519.99,396.1
77,2,2023/4/15,324.99,549.9,400.4
78,2,2023/4/23,324.99,469.9,382.63
79,2,2023/5/1,348.83,440.99,378.12
80,2,2023/5/8,339.99,440.99,376.88
81,2,2023/5/15,339.99,440.99,375.51
82,2,2023/5/23,314.99,459.99,376.43
83,2,2023/6/1,289.99,549.9,367.44
84,2,2023/6/8,279.99,589,372.57
85,2,2023/6/15,279.99,599,371.28
86,2,2023/6/23,279.99,519.99,341.49
87,2,2023/7/1,279.99,539.99,349.83
88,2,2023/7/8,279.99,499.99,342.92
89,2,2023/7/15,279.99,495.97,338.76
90,2,2023/7/23,279.95,556.49,350.9
91,2,2023/8/1,279.95,539,354.13
92,2,2023/8/8,264.99,548.5,344.58
93,2,2023/8/15,259.99,479.99,333.21
94,2,2023/8/23,259.99,459.99,324.93
95,2,2023/9/1,259.99,479.99,329.2
96,2,2023/9/8,259.99,479.99,338.76
97,2,2023/9/15,259.99,559.91,364.76
98,2,2023/9/23,279.95,669.99,381.43
99,2,2023/10/1,249.99,649.99,375.83
100,2,2023/10/8,249.99,669.99,376.35
101,2,2023/10/15,279.95,649.99,371.71
102,2,2023/10/23,279.95,668,375.25
103,2,2023/11/1,279.99,649.99,369.6
104,2,2023/11/8,249.94,561.59,353.49
105,2,2023/11/15,249.99,649.99,382
106,2,2023/11/23,249.99,649.99,392.41
107,2,2023/12/1,289.39,699.93,412.1
108,2,2023/12/8,279.99,699.93,399.13
109,2,2023/12/15,289.39,649.99,392.97
110,2,2023/12/23,289.39,649.99,402.09
111,2,2024/1/1,279.95,649.99,400.76
112,2,2024/1/8,289.39,649.99,411.43
113,2,2024/1/15,279.95,655,407.1
114,2,2024/1/23,289.39,653.84,409.25
115,2,2024/2/1,289.39,649.99,405.71
116,2,2024/2/8,289.39,649.99,400.16
117,2,2024/2/15,289.39,699.93,407.44
118,2,2024/2/23,289.99,699.99,410.75
119,2,2024/3/1,289.99,699.99,411.59
120,2,2024/3/8,289.99,699.99,405.65
121,2,2024/3/15,289.99,690,398.12
122,2,2024/3/23,289.99,669.99,398.04
123,2,2024/4/1,289.99,640.35,399.04
124,2,2024/4/8,289.99,671.75,390.52
125,2,2024/4/15,279.99,700,393.01
126,2,2024/4/23,269.99,680,371.01
127,2,2024/5/1,289.99,479.99,361.61
128,2,2024/5/8,289.99,479.99,354.66
129,2,2024/5/15,288,499.99,357.19
130,2,2024/5/23,288,579,365.58
131,2,2024/6/1,285,549.99,368.01
132,2,2024/6/8,285,549.99,357.43
133,2,2024/6/15,285,549.99,358.63
134,2,2024/6/23,285,499.99,346.15
135,2,2024/7/1,284.34,499.99,350.71
136,2,2024/7/8,274.36,499.99,341.09
137,2,2024/7/15,279.99,499.99,341
138,2,2024/7/23,284.34,499.99,345.6
139,2,2024/8/1,284.34,499.99,345.41
140,2,2024/8/8,279.99,529.99,348.93
141,2,2024/8/15,284.34,565,366.76
142,2,2024/8/23,284.34,574.95,366.29
143,2,2024/9/1,269.98,589,364
144,2,2024/9/8,269.98,589,372.6
145,2,2024/9/15,260,589,368.39
146,2,2024/9/23,269.98,670,367.95
147,2,2024/10/1,259.99,529.99,354.12
148,2,2024/10/8,254.99,529.99,350.84
149,2,2024/10/15,279.99,549.99,364.17
150,2,2024/10/23,284.97,549.99,368.54
151,2,2024/11/1,279.99,549.99,359.99
152,2,2024/11/8,279.99,589,364.67
153,2,2024/11/15,284.97,589,368.54
154,2,2024/11/23,264.99,589,361.88
155,2,2024/12/1,279.97,589,370.98
156,2,2024/12/8,280.34,700,387.24
157,2,2024/12/15,278.99,700,393.11
158,2,2024/12/23,279.99,700,393.33
159,2,2025/1/1,279.99,700,399.14
160,2,2025/1/8,279.99,670,390.09
161,2,2025/1/15,279.97,699.99,380.95
162,2,2025/1/23,274.99,699.99,391.99
163,2,2025/2/1,289.99,699.99,417.88
164,2,2025/2/8,289.99,699.99,401.87
165,2,2025/2/15,299.99,699.99,402.07
166,2,2025/2/23,299.99,768.88,430.55
167,2,2025/3/1,299.99,699.99,436.97
168,2,2025/3/8,299.99,690,425.84
169,2,2025/3/15,299.99,699.99,434.85
170,2,2025/3/23,299.99,699.99,430.36
171,2,2025/4/1,299.99,699.99,427.4
172,2,2025/4/8,299.99,699.99,426.19
173,2,2025/4/15,299.99,699.99,421.91
174,2,2025/4/23,299.99,599.99,393.52
175,2,2025/5/1,299.99,699.99,440.32
176,2,2025/5/8,299.99,699.99,448.98
177,2,2025/5/15,299.99,699.99,441.23
178,2,2025/5/23,299.99,699.99,445.16
179,2,2025/6/1,299.99,787.68,465.65
180,2,2025/6/8,299.99,787.68,462.72
181,2,2025/6/15,299.99,787.68,458.16
182,2,2025/6/23,299.97,699.99,429.43
183,2,2025/7/1,299.99,699.99,426.08
184,2,2025/7/8,249.99,699.99,407.26
185,2,2025/7/15,249.99,699.99,408.44
186,2,2025/7/23,249.99,748.97,412.22
187,2,2025/8/1,249.99,748.97,422.77
188,2,2025/8/8,249.99,699.99,394.33
189,2,2025/8/15,249.99,699.99,395.02
190,2,2025/8/23,249.99,748.97,416.55
191,2,2025/9/1,249.99,748.97,415.54
192,2,2025/9/8,249.99,748.97,416.25
193,2,2025/9/15,269.99,748.97,417.07
194,2,2025/9/23,269.99,748.97,404.15
195,2,2025/10/1,269.99,699.99,390.99
196,2,2025/10/8,249.99,699.99,386.75
197,2,2025/10/15,269.99,748.97,405.99
198,2,2025/10/23,249.99,695,378.42
199,2,2025/11/1,249.99,699.99,381.02
200,2,2025/11/8,249.99,699.99,380.04
201,2,2025/11/15,249.99,699.99,379.64
202,2,2025/11/23,249.99,695,379.73
203,2,2025/12/1,249.99,748.97,386.82
204,2,2025/12/8,259.99,699.99,398.72
205,2,2025/12/15,259.99,647.98,386.66
206,2,2025/12/23,275.99,647.98,383.07
207,2,2026/1/1,249.99,679.99,404.9
208,2,2026/1/8,249.99,679.99,427.82
209,2,2026/1/15,249.99,679.99,411.28
210,2,2026/1/23,249.99,679.99,403.3
211,2,2026/2/1,249.99,679.99,420.5
212,2,2026/2/8,249.99,679.99,416.24
213,2,2026/2/15,249.99,679.99,401.93
214,2,2026/2/23,249.99,679.99,409.91
215,2,2026/3/1,249.99,599.99,398.33
216,2,2026/3/8,249.99,599.99,392.87
217,2,2026/3/15,249.99,599.99,396.29
218,2,2026/3/23,249.99,599.99,391.98
219,2,2026/4/1,249.99,599.99,391.98
220,2,2026/4/8,249.99,549.99,378.98
221,2,2026/4/15,249.99,595.89,392.37
222,2,2026/4/23,249.99,679.99,410.29
223,2,2026/5/1,249.99,529.99,395.03
224,2,2026/5/8,249.99,529.99,402.07
225,2,2026/5/15,249.99,529.99,398.52
226,2,2026/5/23,249.99,679.99,413.11
227,2,2026/6/1,249.99,529.99,383.65
228,2,2026/6/8,249.99,529.99,382.19
229,2,2026/6/15,249.99,529.99,383.89
230,2,2026/6/23,249.99,529.99,383.25
231,2,2026/7/1,249.99,529.99,380.14
232,2,2026/7/8,249.99,529.99,378.21
233,2,2026/7/15,249.99,529.99,382.9
234,2,2026/7/23,249.99,529.99,379.45
235,2,2026/8/1,249.99,529.99,390.27
236,2,2026/8/8,249.99,529.99,430.52
237,2,2026/8/15,459.99,529.99,498.06
238,2,2026/8/23,459.99,519.99,487.17
239,2,2026/9/1,459.99,519.99,486.04
240,2,2026/9/8,459.99,520,492.29
241,16,2024/2/1,799.99,969.99,852.12
242,16,2024/2/8,799.99,949.99,851.13
243,16,2024/2/15,799.99,949.99,847.61
244,16,2024/2/23,799.99,949.99,849.81
245,16,2024/3/1,799.99,949.99,845.22
246,16,2024/3/8,799.99,949.99,851.95
247,16,2024/3/15,799.99,949.99,854.37
248,16,2024/3/23,789.99,961.4,847.75
249,16,2024/4/1,799.99,949.99,853.54
250,16,2024/4/8,799.99,949.99,849.99
251,16,2024/4/15,799.99,949.99,852.23
252,16,2024/4/23,789.99,949.99,852.71
253,16,2024/5/1,779.99,949.99,850.65
254,16,2024/5/8,789.99,949.99,854.66
255,16,2024/5/15,789.99,949.99,850.21
256,16,2024/5/23,749.99,949.99,848.1
257,16,2024/6/1,789.99,949.99,848.64
258,16,2024/6/8,790.99,929.99,838.59
259,16,2024/6/15,789.99,899.99,831.84
260,16,2024/6/23,769,929.99,832.66
261,16,2024/7/1,769,899.99,829.96
262,16,2024/7/8,769.99,949.99,837.74
263,16,2024/7/15,759.99,929.99,830.69
264,16,2024/7/23,769,929.99,837.35
265,16,2024/8/1,769,971.99,845.68
266,16,2024/8/8,779.99,982.99,845.62
267,16,2024/8/15,779.99,1016.61,853.44
268,16,2024/8/23,779.99,982.99,849.71
269,16,2024/9/1,779.99,991.54,852.92
270,16,2024/9/8,779.99,959.99,851.74
271,16,2024/9/15,779.99,977.73,852.07
272,16,2024/9/23,779,977.23,854.13
273,16,2024/10/1,789.99,977.23,855.13
274,16,2024/10/8,749.99,977.23,848.86
275,16,2024/10/15,784.99,949.99,852.35
276,16,2024/10/23,769.99,949.99,851.82
277,16,2024/11/1,769.99,949.99,849.54
278,16,2024/11/8,789.99,999.99,854.2
279,16,2024/11/15,739.99,967.8,842.99
280,16,2024/11/23,719.99,949.99,833.93
281,16,2024/12/1,719.99,983.99,838.04
282,16,2024/12/8,719.99,999.99,846.86
283,16,2024/12/15,799.99,1089.99,868.78
284,16,2024/12/23,799.99,999.99,865.55
285,16,2025/1/1,799.99,1348.9,942.17
286,16,2025/1/8,799.99,1422.9,980.39
287,16,2025/1/15,799.99,1398.99,993.42
288,16,2025/1/23,794.99,1398.88,1013.6
289,16,2025/2/1,799.99,1796.98,1206.11
290,16,2025/2/8,799.99,1778.2,1112.35
291,16,2025/2/15,799.99,1698,1154.59
292,16,2025/2/23,799.99,1698,1201.93
293,16,2025/3/1,799.99,1680.16,1202.4
294,16,2025/3/8,799.99,1698,1198.6
295,16,2025/3/15,799.99,1698,1180.04
296,16,2025/3/23,799.99,1698,1198.78
297,16,2025/4/1,799.99,1698,1211.53
298,16,2025/4/8,799.99,1698,1169.17
299,16,2025/4/15,799.99,1699.99,1140.41
300,16,2025/4/23,799.99,1629.99,1101.02
301,16,2025/5/1,799.99,1629.99,1115.85
302,16,2025/5/8,799.99,1698,1171.91
303,16,2025/5/15,799.99,1695,1146.18
304,16,2025/5/23,799.99,1695,1217.65
305,16,2025/6/1,799.99,1695,1185.23
306,16,2025/6/8,799.99,1699,1170.93
307,16,2025/6/15,799.99,1699,1156.35
308,16,2025/6/23,799.99,1495.44,1136.99
309,16,2025/7/1,799.99,1498,1128.84
310,16,2025/7/8,799.99,1485,1143.36
311,16,2025/7/15,799.99,1485,1157.2
312,16,2025/7/23,799.99,1485,1156.46
313,16,2025/8/1,849.99,1485,1151.3
314,16,2025/8/8,849.99,1485,1142.92
315,16,2025/8/15,849.99,1485,1142.92
316,16,2025/8/23,849.99,1399.99,1113.72
317,16,2025/9/1,854.99,1398,1113.49
318,16,2025/9/8,854.99,1480,1128.49
319,16,2025/9/15,854.99,1480,1126.49
320,16,2025/9/23,849.99,1480,1101.35
321,16,2025/10/1,849.99,1480,1139.99
322,16,2025/10/8,849.99,1498,1112.43
323,16,2025/10/15,849.99,1498,1130.21
324,16,2025/10/23,849.99,1498,1140.32
325,16,2025/11/1,854.99,1498,1160.1
326,16,2025/11/8,854.99,1498,1184.33
327,16,2025/11/15,854.99,1498,1164.44
328,16,2025/11/23,854.99,1498,1160.1
329,16,2025/12/1,854.99,1498,1209.98
330,16,2025/12/8,854.99,1588.88,1226.43
331,16,2025/12/15,854.99,1588.88,1226.43
332,16,2025/12/23,854.99,1498,1202.11
333,16,2026/1/1,854.99,1498,1184.8
334,16,2026/1/8,854.99,1498,1198.7
335,16,2026/1/15,854.99,1498,1198.6
336,16,2026/1/23,929.99,1598,1273.43
337,16,2026/2/1,929.99,1598,1273.43
338,16,2026/2/8,929.99,1598,1223.54
339,16,2026/2/15,929.99,1098,994.24
340,16,2026/2/23,929.99,1098,994.24
341,16,2026/3/1,929.99,1098,992.66
342,16,2026/3/8,929.99,990,956.66
343,16,2026/3/15,929.99,990,956.66
344,16,2026/3/23,929.99,990,956.66
345,16,2026/4/1,929.99,957.59,945.86
346,16,2026/4/8,929.99,1052.85,977.61
347,16,2026/4/15,914.13,949.99,931.37
348,16,2026/4/23,929.99,949.99,939.99
349,16,2026/5/1,929.99,949.99,939.99
350,16,2026/5/8,864.55,949.99,914.84
351,16,2026/5/15,929.99,949.99,939.99
352,16,2026/5/23,929.99,949.99,939.99
353,16,2026/6/1,929.99,971.34,950.44
354,16,2026/6/8,929.99,971.34,950.44
355,16,2026/6/15,929.99,971.34,950.44
356,16,2026/6/23,929.99,971.34,950.44
357,16,2026/7/1,929.99,971.34,950.44
358,16,2026/7/8,929.99,971.34,950.44
359,16,2026/7/15,929.99,971.34,950.44
360,16,2026/7/23,929.99,949.99,939.99
361,16,2026/8/1,929.99,1281.44,1053.81
362,16,2026/8/8,929.99,1250.15,1043.38
363,16,2026/8/15,1266,1266,1266
364,16,2026/8/23,1141.58,1141.58,1141.58
365,16,2026/9/1,1180.22,1180.22,1180.22
366,16,2026/9/8,1163,1163,1163
367,17,2022/11/23,1199.99,1593,1372.75
368,17,2022/12/1,1199.99,1577.89,1359.13
369,17,2022/12/8,1199.99,1549.99,1356.98
370,17,2022/12/15,1199,1582.98,1366.51
371,17,2022/12/23,1199,1599.99,1376.01
372,17,2023/1/1,1199,1519.99,1317.87
373,17,2023/1/8,1199,1529,1319.27
374,17,2023/1/15,1199,1579,1311.48
375,17,2023/1/23,1199,1579,1333.44
376,17,2023/2/1,1199,1549.99,1303.58
377,17,2023/2/8,1199.99,1496.89,1300.05
378,17,2023/2/15,1199,1455.99,1288.04
379,17,2023/2/23,1199,1455.99,1277.93
380,17,2023/3/1,1199,1494.99,1290.12
381,17,2023/3/8,1199,1544.9,1290.94
382,17,2023/3/15,1199,1599.99,1295.67
383,17,2023/3/23,1149,1599.99,1293.47
384,17,2023/4/1,1180,1649.99,1313.35
385,17,2023/4/8,1179.99,1649.99,1316.19
386,17,2023/4/15,1149.99,1649.99,1301.82
387,17,2023/4/23,1149.99,1579.99,1271.03
388,17,2023/5/1,1139.99,1661.12,1303.75
389,17,2023/5/8,1139.99,1549.99,1265.26
390,17,2023/5/15,1119.99,1559.99,1267.22
391,17,2023/5/23,1099.99,1695.44,1289.62
392,17,2023/6/1,1107.99,1660,1310.4
393,17,2023/6/8,1099.99,1549.99,1267.42
394,17,2023/6/15,1099,1569.99,1262.44
395,17,2023/6/23,1099.99,1630.99,1282
396,17,2023/7/1,1129.99,1649.99,1296.26
397,17,2023/7/8,999.99,1688.7,1291.15
398,17,2023/7/15,1099,1597.43,1272.94
399,17,2023/7/23,1099.99,1627.99,1273.81
400,17,2023/8/1,1129.99,1649.99,1298.41
401,17,2023/8/8,1099.99,1649.99,1276.42
402,17,2023/8/15,1095,1649.99,1270.36
403,17,2023/8/23,1089,1649.99,1263.57
404,17,2023/9/1,1098,1649.99,1272.93
405,17,2023/9/8,1081.32,1649.99,1279.51
406,17,2023/9/15,1069.99,1649.99,1279.48
407,17,2023/9/23,1093.66,1649.99,1276.52
408,17,2023/10/1,1099.99,1649.99,1308.66
409,17,2023/10/8,1089.99,1649.99,1295.9
410,17,2023/10/15,1089.99,1649.99,1285.19
411,17,2023/10/23,1089.99,1629.99,1274.28
412,17,2023/11/1,1059.99,1623.7,1282.21
413,17,2023/11/8,1059.99,1669,1287.2
414,17,2023/11/15,1059.99,1673.98,1297.74
415,17,2023/11/23,1059.99,1649.99,1289.68
416,17,2023/12/1,1119.99,1669,1333.66
417,17,2023/12/8,1129.99,1649.99,1323.88
418,17,2023/12/15,1129.99,1716.59,1334.41
419,17,2023/12/23,1129.99,1972,1405.82
420,17,2024/1/1,1129.99,1819,1377.38
421,17,2024/1/8,1129.99,1998,1443.52
422,17,2024/1/15,1129.99,1998,1426.48
423,17,2024/1/23,1129.99,2011.6,1453.56
424,17,2024/2/1,1129.99,1998,1434.93
425,17,2024/2/8,1129.99,1998,1437.12
426,17,2024/2/15,1129.99,1998,1405.4
427,17,2024/2/23,1129.99,2050,1477.97
428,17,2024/3/1,949.99,1999.98,1478.4
429,17,2024/3/8,949.99,1999.99,1467.94
430,17,2024/3/15,949.99,1999.99,1430.25
431,17,2024/3/23,949.99,1999.99,1420.85
432,17,2024/4/1,949.99,1999.99,1406.24
433,17,2024/4/8,949.99,1999.99,1397.34
434,17,2024/4/15,949.99,1699.9,1351.18
435,17,2024/4/23,949.99,1699.9,1343.13
436,17,2024/5/1,949.99,1669,1346.1
437,17,2024/5/8,949.99,1669,1341.17
438,17,2024/5/15,949.99,1669,1329.21
439,17,2024/5/23,949.99,1649.9,1325.25
440,17,2024/6/1,1099.99,1629,1336.72
441,17,2024/6/8,1101.42,1599.9,1312.51
442,17,2024/6/15,949.99,1629,1313.58
443,17,2024/6/23,1101.23,1607.58,1352.37
444,17,2024/7/1,949.99,1599,1340.78
445,17,2024/7/8,949.99,1599.99,1336.05
446,17,2024/7/15,949.99,1599,1326.53
447,17,2024/7/23,1099.99,1589.95,1347.11
448,17,2024/8/1,949.99,1589.95,1281.91
449,17,2024/8/8,899.99,1599.99,1263.43
450,17,2024/8/15,899.99,1599.99,1264.79
451,17,2024/8/23,949.99,1599.99,1271.99
452,17,2024/9/1,899.99,1599.99,1284.61
453,17,2024/9/8,949.99,1599.99,1298.94
454,17,2024/9/15,949.99,1599.99,1316.1
455,17,2024/9/23,949.99,1599.99,1307.96
456,17,2024/10/1,949.99,1599.99,1315.54
457,17,2024/10/8,949.99,1599.99,1315.28
458,17,2024/10/15,949.99,1599.99,1319.53
459,17,2024/10/23,949.99,1699.99,1324.26
460,17,2024/11/1,949.99,1779.99,1311.09
461,17,2024/11/8,949.99,1699.99,1318.83
462,17,2024/11/15,949.99,1599.99,1313.48
463,17,2024/11/23,949.99,1999,1377.54
464,17,2024/12/1,949.99,1999,1413.58
465,17,2024/12/8,949.99,1849.75,1459.97
466,17,2024/12/15,949.99,1799,1445.85
467,17,2024/12/23,949.99,1999,1499.89
468,17,2025/1/1,1209.99,1999,1588.63
469,17,2025/1/8,1209.99,1999,1607.23
470,17,2025/1/15,1279.99,1799.99,1610.98
471,17,2025/1/23,1529,1849.99,1639.74
472,17,2025/2/1,1549.99,2499.99,2015.07
473,17,2025/2/8,1549.99,2499.99,2030.69
474,17,2025/2/15,1549.99,2498,2000.53
475,17,2025/2/23,1549.99,2598,2078.92
476,17,2025/3/1,1549.99,2598,2068.3
477,17,2025/3/8,1549.99,2549.97,2003.6
478,17,2025/3/15,1549.99,2498,1990.99
479,17,2025/3/23,1549.99,2198,1844.54
480,17,2025/4/1,1549.99,2198,1887.29
481,17,2025/4/8,1549.99,2498,2019.99
482,17,2025/4/15,1549.99,2498,2055.58
483,17,2025/4/23,1549.99,2498,2047.24
484,17,2025/5/1,1549.99,2498,2028.25
485,17,2025/5/8,1549.99,2498,2042
486,17,2025/5/15,1549.99,2275,1943.56
487,17,2025/5/23,1549.99,2289.99,1994.51
488,17,2025/6/1,1549.99,2285,1993.95
489,17,2025/6/8,1549.99,2285,1993.95
490,17,2025/6/15,1549.99,2075,1876.99
491,17,2025/6/23,1549.99,2075,1869.99
492,17,2025/7/1,1549.99,2075,1867.13
493,17,2025/7/8,1549.99,1975,1789.16
494,17,2025/7/15,1549.99,1974.99,1789.16
495,17,2025/7/23,1549.99,1889.99,1759.16
496,17,2025/8/1,1389,2075,1709.82
497,17,2025/8/8,1389,2075,1706.5
498,17,2025/8/15,1389,1795,1605.66
499,17,2025/8/23,1549.99,2075,1790
500,17,2025/9/1,1549.99,2075,1744.99
501,17,2025/9/8,1549.99,2075,1741.66
502,17,2025/9/15,1549.99,2075,1741.66
503,17,2025/9/23,1549.99,2075,1778.33
504,17,2025/10/1,1549.99,1869.99,1724.16
505,17,2025/10/8,1549.99,1869.99,1752.49
506,17,2025/10/15,1549.99,1869.99,1740.82
507,17,2025/10/23,1499.99,1795,1623.19
508,17,2025/11/1,1499.99,1795,1623.19
509,17,2025/11/8,1478,1829,1670.33
510,17,2025/11/15,1429.99,1829,1662.33
511,17,2025/11/23,1549.99,1829,1703.16
512,17,2025/12/1,1549.99,1779,1688.83
513,17,2025/12/8,1549.99,1779,1684.66
514,17,2025/12/15,1549.99,1779,1673.36
515,17,2025/12/23,1449.99,1769.99,1644.66
516,17,2026/1/1,1479.99,1769.99,1649.66
517,17,2026/1/8,1549,1599.99,1569.74
518,17,2026/1/15,1549,1599.99,1567.23
519,17,2026/1/23,1549.99,1799,1671.33
520,17,2026/2/1,1549.99,1799,1674.66
521,17,2026/2/8,1549.99,1799,1671.33
522,17,2026/2/15,1549.99,1799,1651.59
523,17,2026/2/23,1549.99,1799,1658.04
524,17,2026/3/1,1549.99,1799,1651.59
525,17,2026/3/8,1549.99,1799,1658.04
526,17,2026/3/15,1549.99,1799,1646.23
527,17,2026/3/23,1549.99,1870,1715.6
528,17,2026/4/1,1549.99,1839.99,1697.78
529,17,2026/4/8,1549.99,1799,1681.59
530,17,2026/4/15,1549.99,1799,1656.4
531,17,2026/4/23,1549.99,1799,1645.78
532,17,2026/5/1,1549.99,1799,1641.78
533,17,2026/5/8,1549.99,1649.95,1592.48
534,17,2026/5/15,1549.99,1799,1658.04
535,17,2026/5/23,1549.99,1799,1645.78
536,17,2026/6/1,1545,1599.99,1561.23
537,17,2026/6/8,1499.95,1799,1619.78
538,17,2026/6/15,1499.95,1639.95,1572.47
539,17,2026/6/23,1499.95,1599.99,1546.5
540,17,2026/7/1,1499.95,1599.99,1537.48
541,17,2026/7/8,1399.99,1599.99,1516.66
542,17,2026/7/15,1199.99,1599.99,1462.65
543,17,2026/7/23,1199.99,1599.99,1456.5
544,17,2026/8/1,1399.99,1689,1541.28
545,17,2026/8/8,1399.99,1599.99,1506.34
546,17,2026/8/15,1548.99,1799,1679
547,17,2026/8/23,1499.99,1799,1662.66
548,17,2026/9/1,1549.99,1799,1679.33
549,17,2026/9/8,1549.99,1799,1679.33
550,18,2024/2/1,999.99,1299.99,1100.31
551,18,2024/2/8,999.99,1549,1151.55
552,18,2024/2/15,999.99,1499.99,1172.69
553,18,2024/2/23,999.99,1539,1176.4
554,18,2024/3/1,999.99,1529.99,1178.03
555,18,2024/3/8,999.99,1397.99,1149.67
556,18,2024/3/15,999.99,1399,1166.71
557,18,2024/3/23,999.99,1299.99,1141.43
558,18,2024/4/1,999.99,1399.99,1158.48
559,18,2024/4/8,999.99,1338.7,1142.34
560,18,2024/4/15,999.99,1368.74,1137.76
561,18,2024/4/23,994.99,1299.99,1118.26
562,18,2024/5/1,999.98,1399.99,1120.59
563,18,2024/5/8,989.99,1399.99,1131.74
564,18,2024/5/15,949.99,1352.99,1117.21
565,18,2024/5/23,949.99,1352.99,1119.08
566,18,2024/6/1,969.99,1399.99,1127.19
567,18,2024/6/8,976,1352.99,1134.56
568,18,2024/6/15,967.99,1450.41,1122.7
569,18,2024/6/23,949.99,1445.62,1121.32
570,18,2024/7/1,964,1397.36,1124.74
571,18,2024/7/8,964.99,1388.3,1107.14
572,18,2024/7/15,950.96,1377,1123.2
573,18,2024/7/23,959,1407.13,1118.51
574,18,2024/8/1,949.99,1455,1122.54
575,18,2024/8/8,959.83,1434.34,1121.93
576,18,2024/8/15,959.83,1352.99,1116.53
577,18,2024/8/23,958,1352.99,1118.34
578,18,2024/9/1,959.99,1352.99,1129.34
579,18,2024/9/8,959.99,1397.37,1125.12
580,18,2024/9/15,959.99,1349.99,1112.13
581,18,2024/9/23,959.99,1349.99,1119.78
582,18,2024/10/1,989.99,1369.99,1118.01
583,18,2024/10/8,999.99,1369.99,1117.99
584,18,2024/10/15,999.99,1369.99,1115.84
585,18,2024/10/23,989.99,1388.99,1114.71
586,18,2024/11/1,999.97,1402.99,1110.16
587,18,2024/11/8,979.99,1299.99,1096.38
588,18,2024/11/15,949.99,1349.99,1107.65
589,18,2024/11/23,949.99,1399.99,1111.81
590,18,2024/12/1,999.99,1637.99,1180.56
591,18,2024/12/8,999.99,1994.99,1296.86
592,18,2024/12/15,999.99,1694.99,1261.96
593,18,2024/12/23,999.99,1959,1298.71
594,18,2025/1/1,999.99,2199.99,1344.09
595,18,2025/1/8,999.99,2199.99,1368.63
596,18,2025/1/15,958.39,2199.99,1368.82
597,18,2025/1/23,999.99,2100,1368.68
598,18,2025/2/1,1299.99,2250,1790.78
599,18,2025/2/8,999.99,2299,1578.67
600,18,2025/2/15,999.99,2250,1577.94
601,18,2025/2/23,999.99,2250,1647.09
602,18,2025/3/1,1099.99,2500,1651
603,18,2025/3/8,1099.99,2500,1633.45
604,18,2025/3/15,1099.99,2500,1592.14
605,18,2025/3/23,1099.99,2500,1553.67
606,18,2025/4/1,1099.99,1999.95,1552.34
607,18,2025/4/8,799,1999.95,1514.8
608,18,2025/4/15,758,2199.98,1511.3
609,18,2025/4/23,758,2199.98,1532.67
610,18,2025/5/1,1099.99,2199.98,1641.06
611,18,2025/5/8,1029.99,2199.98,1609.94
612,18,2025/5/15,879.99,2199.98,1590.42
613,18,2025/5/23,1034.99,2199.98,1551.83
614,18,2025/6/1,1034.99,2199.98,1564.39
615,18,2025/6/8,1199,2199.98,1551.15
616,18,2025/6/15,1199,2199.98,1594.8
617,18,2025/6/23,1199,2199.98,1634.46
618,18,2025/7/1,1199,2199.98,1636.99
619,18,2025/7/8,1199,2199.98,1646.78
620,18,2025/7/15,1199,2199.98,1632.56
621,18,2025/7/23,1199,2199.98,1625.35
622,18,2025/8/1,1199,2199.98,1612.99
623,18,2025/8/8,1199,2199.98,1596.92
624,18,2025/8/15,1199,2199.98,1596.92
625,18,2025/8/23,1199,2199.98,1579.13
626,18,2025/9/1,1199,1989,1552.08
627,18,2025/9/8,1199,1989,1533.66
628,18,2025/9/15,1199,1989,1558.33
629,18,2025/9/23,1199,1989,1572.38
630,18,2025/10/1,1199,1989,1563.28
631,18,2025/10/8,1199,1989,1592.44
632,18,2025/10/15,1199,1989,1592.44
633,18,2025/10/23,1199,1949.99,1556.75
634,18,2025/11/1,1199,1949.99,1603.61
635,18,2025/11/8,1199,1949.99,1603.61
636,18,2025/11/15,579,1949.99,1506.25
637,18,2025/11/23,579,1985,1513.98
638,18,2025/12/1,579,1985,1556.33
639,18,2025/12/8,579,1949.99,1522.09
640,18,2025/12/15,579,1949.99,1554.51
641,18,2025/12/23,579,1935,1549.51
642,18,2026/1/1,579,1895,1543.9
643,18,2026/1/8,579,1895,1534.81
644,18,2026/1/15,579,1895,1510.72
645,18,2026/1/23,579,1929.99,1524.18
646,18,2026/2/1,579,1929.99,1522.72
647,18,2026/2/8,1199,1929.99,1578.33
648,18,2026/2/15,1199,1299.99,1249.66
649,18,2026/2/23,1199,1299.99,1249.66
650,18,2026/3/1,1199,1929.99,1496.16
651,18,2026/3/8,1199,1929.99,1463.33
652,18,2026/3/15,1199,1929.99,1463.33
653,18,2026/3/23,1199,1929.99,1454.16
654,18,2026/4/1,1199,1929.99,1471.32
655,18,2026/4/8,1199,1799.95,1490.49
656,18,2026/4/15,1199,1299.99,1249.66
657,18,2026/4/23,1199,1299.99,1249.66
658,18,2026/5/1,1199,1299.99,1249.66
659,18,2026/5/8,1199,1299.99,1249.66
660,18,2026/5/15,1199,1299.99,1249.66
661,18,2026/5/23,1199,1299.99,1249.66
662,18,2026/6/1,1199,1299.99,1249.66
663,18,2026/6/8,1199,1299.99,1249.66
664,18,2026/6/15,1199,1299.99,1249.66
665,18,2026/6/23,1199,1299.99,1249.66
666,18,2026/7/1,1199,1299.99,1249.66
667,18,2026/7/8,1199,1299.99,1249.74
668,18,2026/7/15,1199,1299.99,1249.74
669,18,2026/7/23,1199,1299.99,1249.74
670,18,2026/8/1,1199,1332.76,1266.35
671,18,2026/8/8,1199,1299.99,1249.74
672,18,2026/8/15,1795,1795,1795
673,18,2026/8/23,1745.99,1795,1770.5
674,18,2026/9/1,1745.99,1795,1770.5
675,18,2026/9/8,1769.95,1795,1782.48
676,19,2022/10/15,1599.99,4976,2931.49
677,19,2022/10/23,2199,2844.99,2528.5
678,19,2022/11/1,1799.99,2759,2313.22
679,19,2022/11/8,2112.99,2795.95,2391.6
680,19,2022/11/15,2129.99,2859,2354.69
681,19,2022/11/23,1599.99,3300,2490.91
682,19,2022/12/1,2320,3489,2763.99
683,19,2022/12/8,1909.99,2999,2341.98
684,19,2022/12/15,1599.99,3299.99,2394.27
685,19,2022/12/23,2029.99,2549.99,2276.31
686,19,2023/1/1,1799.99,2799.9,2293.91
687,19,2023/1/8,1599.99,2659.99,2166.61
688,19,2023/1/15,2009.69,2299.9,2158.79
689,19,2023/1/23,1599.99,2309,2032.49
690,19,2023/2/1,1599,2359,1889.08
691,19,2023/2/8,1599,2217,1858.03
692,19,2023/2/15,1599,2205,1881.59
693,19,2023/2/23,1599,2399.99,1886.22
694,19,2023/3/1,1599.99,2399,1829.23
695,19,2023/3/8,1599.99,2399.97,1847.8
696,19,2023/3/15,1599.99,2349.99,1827.96
697,19,2023/3/23,1599.99,2399,1808.05
698,19,2023/4/1,1599.99,2497.42,1809.42
699,19,2023/4/8,1599.99,2399,1787.05
700,19,2023/4/15,1599.99,2149.47,1769.3
701,19,2023/4/23,1599,2074.95,1741.45
702,19,2023/5/1,1549.99,2214,1783.42
703,19,2023/5/8,1599,1999.99,1737.72
704,19,2023/5/15,1579.99,2209.9,1766
705,19,2023/5/23,1589,2212.96,1768.8
706,19,2023/6/1,1589,2189,1769.3
707,19,2023/6/8,1589,2196.99,1747.1
708,19,2023/6/15,1589,2149.99,1749.47
709,19,2023/6/23,1584.99,1999.99,1723.57
710,19,2023/7/1,1599,1999.99,1708.94
711,19,2023/7/8,1599,1964.99,1700.56
712,19,2023/7/15,1599,2099.99,1734.3
713,19,2023/7/23,1599,1999.99,1714.04
714,19,2023/8/1,1599,2099.99,1743.71
715,19,2023/8/8,1599,2199.99,1784.08
716,19,2023/8/15,1599,2199.99,1784.65
717,19,2023/8/23,1599,2199.99,1786.54
718,19,2023/9/1,1599,2199.99,1791.61
719,19,2023/9/8,1599.99,2374.66,1802.75
720,19,2023/9/15,1599.99,2390,1808.49
721,19,2023/9/23,1599.99,2199.99,1796.51
722,19,2023/10/1,1599.99,2199.99,1785.4
723,19,2023/10/8,1599.99,2199.99,1791.85
724,19,2023/10/15,1599.99,2248.5,1793.23
725,19,2023/10/23,1599.99,2285,1858.61
726,19,2023/11/1,1599.99,2574.99,1925.39
727,19,2023/11/8,1599.99,2640,2000.49
728,19,2023/11/15,1599.99,2969,2125.25
729,19,2023/11/23,1599.99,2969,2140.85
730,19,2023/12/1,1599.99,3295,2161.43
731,19,2023/12/8,1599.99,3257.89,2122.55
732,19,2023/12/15,1599.99,3162.29,2126.34
733,19,2023/12/23,1599.99,3137.39,2142.95
734,19,2024/1/1,1599.99,2909.18,2083.59
735,19,2024/1/8,1599.99,2910.29,2090.72
736,19,2024/1/15,1599.99,2926.62,2095
737,19,2024/1/23,1599.99,2699,2068.15
738,19,2024/2/1,1599.99,2769.99,2053.95
739,19,2024/2/8,1599.99,2769.99,2039.89
740,19,2024/2/15,1599.99,2769.99,2020.45
741,19,2024/2/23,1599.99,2436.35,2023.71
742,19,2024/3/1,1599.99,2399,2014.31
743,19,2024/3/8,1599.99,2399.99,2020.2
744,19,2024/3/15,1599.99,2399,1999.95
745,19,2024/3/23,1599.99,2399,1990.59
746,19,2024/4/1,1599.99,2599.75,1992.93
747,19,2024/4/8,1599.99,2400,1951.22
748,19,2024/4/15,1649.99,2299.9,1921.15
749,19,2024/4/23,1649.99,2299.9,1906.18
750,19,2024/5/1,1599.99,2299.9,1894.98
751,19,2024/5/8,1649.99,2299.9,1889.27
752,19,2024/5/15,1649.99,2199,1885.08
753,19,2024/5/23,1599.99,2145,1865.38
754,19,2024/6/1,1649.99,2184.95,1872.67
755,19,2024/6/8,1649.99,2149.99,1872.84
756,19,2024/6/15,1649.99,2149.99,1877.1
757,19,2024/6/23,1599.99,2145,1873.12
758,19,2024/7/1,1599.99,2204.44,1874.36
759,19,2024/7/8,1599.99,2459.9,1892.04
760,19,2024/7/15,1599.99,2454.98,1871.02
761,19,2024/7/23,1599.99,2145,1851.61
762,19,2024/8/1,1599.99,2199.99,1847.12
763,19,2024/8/8,1599.99,2299.99,1865.58
764,19,2024/8/15,1599.99,2299.99,1870.68
765,19,2024/8/23,1599.99,2459.99,1880.81
766,19,2024/9/1,1599.99,2400,1918.12
767,19,2024/9/8,1599.99,2400,1930.27
768,19,2024/9/15,1599.99,2459.99,1950.19
769,19,2024/9/23,1599.99,2418,1971.47
770,19,2024/10/1,1599.99,2495,1991.85
771,19,2024/10/8,1599.99,2679.95,2023.11
772,19,2024/10/15,1599.99,2539.99,2019.66
773,19,2024/10/23,1599.99,2499.9,2043.12
774,19,2024/11/1,1599.99,2545.29,2077.44
775,19,2024/11/8,1599.99,2913,2099.93
776,19,2024/11/15,1599.99,2779,2069.83
777,19,2024/11/23,1599.99,2969.99,2115.6
778,19,2024/12/1,1599.99,3399.99,2219.1
779,19,2024/12/8,1599.99,3499.99,2274.45
780,19,2024/12/15,1599.99,3499.99,2300.05
781,19,2024/12/23,1599.99,3699.99,2343.24
782,19,2025/1/1,1599.99,3699.99,2395.4
783,19,2025/1/8,1599.99,3699.99,2384.26
784,19,2025/1/15,1599.99,3689,2429.15
785,19,2025/1/23,1599.99,3799.99,2487.34
786,19,2025/2/1,1599.99,3998,2868.94
787,19,2025/2/8,1599.99,3998,2805.75
788,19,2025/2/15,1599.99,4200,2841.72
789,19,2025/2/23,939,3998,2819.62
790,19,2025/3/1,939,4899,2897.69
791,19,2025/3/8,939,4299,2804.21
792,19,2025/3/15,939,3998,2778.2
793,19,2025/3/23,1599.99,3999.99,2887.18
794,19,2025/4/1,1599.99,3899.95,2920.51
795,19,2025/4/8,1599.99,3899.95,2816.24
796,19,2025/4/15,1599.99,3899.95,2769.29
797,19,2025/4/23,1599.99,4399.99,2793.87
798,19,2025/5/1,1599.99,4399.99,2776.6
799,19,2025/5/8,1599.99,4299,2774.62
800,19,2025/5/15,1599.99,4289.99,2673.45
801,19,2025/5/23,1599.99,3989.99,2579.45
802,19,2025/6/1,1599.99,3989.99,2625.13
803,19,2025/6/8,1599.99,3790,2585.43
804,19,2025/6/15,1599.99,3749.99,2590.12
805,19,2025/6/23,1599.99,3689.99,2593.31
806,19,2025/7/1,1599.99,3689,2583.72
807,19,2025/7/8,1599.99,3689,2572.85
808,19,2025/7/15,1599.99,3689,2628.18
809,19,2025/7/23,1599.99,3599.95,2576.61
810,19,2025/8/1,1599.99,3599.95,2590.84
811,19,2025/8/8,1599.99,3559.95,2582.03
812,19,2025/8/15,1599.99,3539.95,2590.37
813,19,2025/8/23,1599.99,3535.99,2594.82
814,19,2025/9/1,1599.99,3485,2541.68
815,19,2025/9/8,1599.99,3535.99,2577.21
816,19,2025/9/15,1599.99,3535.99,2578.28
817,19,2025/9/23,1599.99,3499,2645.32
818,19,2025/10/1,1599.99,3499,2675.47
819,19,2025/10/8,1599.99,3499,2681.47
820,19,2025/10/15,1599.99,3499,2645.59
821,19,2025/10/23,1599.99,3499,2617.82
822,19,2025/11/1,1599.99,3499,2613.3
823,19,2025/11/8,1599.99,3499,2606.94
824,19,2025/11/15,1599.99,3499,2600.41
825,19,2025/11/23,1599.99,3499,2601.09
826,19,2025/12/1,1599.99,3499,2645.88
827,19,2025/12/8,1599.99,3499,2627.45
828,19,2025/12/15,1599.99,3685,2645.51
829,19,2025/12/23,1599.99,3685,2614.1
830,19,2026/1/1,1599.99,3599.99,2646.98
831,19,2026/1/8,1599.99,3599.99,2683.77
832,19,2026/1/15,1599.99,3599.99,2681.54
833,19,2026/1/23,1599.99,3690,2637.49
834,19,2026/2/1,1599.99,3749.99,2641.8
835,19,2026/2/8,1599.99,3599.99,2619.3
836,19,2026/2/15,1599.99,3699.99,2547.77
837,19,2026/2/23,1599.99,3749.99,2559.92
838,19,2026/3/1,1599.99,3739.99,2534.92
839,19,2026/3/8,1599.99,3749.99,2488.38
840,19,2026/3/15,1599.99,3749.99,2488.38
841,19,2026/3/23,1599.99,3749.99,2469.91
842,19,2026/4/1,1599.99,3599.99,2455.3
843,19,2026/4/8,1599.99,3499,2439.14
844,19,2026/4/15,1599.99,3499,2430.68
845,19,2026/4/23,1599.99,3599.99,2442.22
846,19,2026/5/1,1599.99,3840,2485.3
847,19,2026/5/8,1599.99,4249.99,2520.68
848,19,2026/5/15,1599.99,4099.99,2509.14
849,19,2026/5/23,1599.99,3999,2489.83
850,19,2026/6/1,1599.99,4039.99,2492.99
851,19,2026/6/8,1599.99,3989.99,2489.14
852,19,2026/6/15,1599.99,2299.99,2018.88
853,19,2026/6/23,1599.99,2299.99,2018.88
854,19,2026/7/1,1599.99,3749.99,2474.53
855,19,2026/7/8,1599.99,3749.99,2474.53
856,19,2026/7/15,1599.99,4999.99,2570.68
857,19,2026/7/23,1599.99,2299.99,2018.88
858,19,2026/8/1,1599.99,2299.99,2018.88
859,19,2026/8/8,1599.99,2299.99,2018.88
860,19,2026/8/15,3477,3477,3477
861,19,2026/8/23,3449.99,3549.99,3499.99
862,19,2026/9/1,3449.99,3999.99,3724.99
863,19,2026/9/8,3499.96,4449.99,3974.98
864,21,2025/5/23,299.99,409.99,343.72
865,21,2025/6/1,299.99,409.99,338.23
866,21,2025/6/8,299.99,409.99,335.64
867,21,2025/6/15,299.99,409.99,334.67
868,21,2025/6/23,299.99,409.99,333.79
869,21,2025/7/1,299.99,409.99,333.57
870,21,2025/7/8,279.99,409.99,327.12
871,21,2025/7/15,289.99,409.99,331.49
872,21,2025/7/23,289.99,379.99,327.48
873,21,2025/8/1,289.99,389.99,328.87
874,21,2025/8/8,279.99,389.99,325.91
875,21,2025/8/15,289.99,389.99,326.33
876,21,2025/8/23,298,389.99,330.96
877,21,2025/9/1,298.99,389.99,327
878,21,2025/9/8,295.89,369.99,321.25
879,21,2025/9/15,295.89,389.99,327.14
880,21,2025/9/23,295.89,369.99,319.57
881,21,2025/10/1,298.99,369.99,320.43
882,21,2025/10/8,299.99,369.99,319.12
883,21,2025/10/15,299.99,389.99,325.14
884,21,2025/10/23,299.99,389.99,323.93
885,21,2025/11/1,294.99,392.49,325.31
886,21,2025/11/8,294.99,392.49,323.8
887,21,2025/11/15,289.99,379.99,322.24
888,21,2025/11/23,279.99,359.99,313.57
889,21,2025/12/1,279.99,359.99,314.77
890,21,2025/12/8,274.99,422.4,330.16
891,21,2025/12/15,269.99,409.99,324.1
892,21,2025/12/23,269.99,420.8,324.81
893,21,2026/1/1,259.99,409.99,336.03
894,21,2026/1/8,249.99,446.51,340.07
895,21,2026/1/15,249.99,433.99,344.85
896,21,2026/1/23,299.99,447.68,363.48
897,21,2026/2/1,299.99,439.99,368.49
898,21,2026/2/8,299.99,439.99,371.16
899,21,2026/2/15,299.99,453.66,370.83
900,21,2026/2/23,299.99,455.99,372.64
901,21,2026/3/1,317.99,518.64,391.25
902,21,2026/3/8,299.99,455.99,377.88
903,21,2026/3/15,299.99,516,393.34
904,21,2026/3/23,299.99,444.67,377.56
905,21,2026/4/1,299.99,455.99,378.87
906,21,2026/4/8,299.99,459.66,378.7
907,21,2026/4/15,299.99,455.99,376.25
908,21,2026/4/23,299.99,455.99,375.32
909,21,2026/5/1,317.99,455.99,378.58
910,21,2026/5/8,317.99,426.03,373.6
911,21,2026/5/15,317.99,423.99,371.03
912,21,2026/5/23,317.99,455.99,374.06
913,21,2026/6/1,317.99,429.99,372.12
914,21,2026/6/8,328.99,418.84,368.96
915,21,2026/6/15,317.99,413.49,363.49
916,21,2026/6/23,317.99,429.99,365.75
917,21,2026/7/1,317.99,430.89,370.41
918,21,2026/7/8,317.99,430.89,370.92
919,21,2026/7/15,329.99,430.89,372.4
920,21,2026/7/23,328.99,430.89,373
921,21,2026/8/1,339.99,594.54,412.52
922,21,2026/8/8,359.95,594.54,456.8
923,21,2026/8/15,425.12,499.99,474.09
924,21,2026/8/23,449.99,533.03,473.54
925,21,2026/9/1,436.31,499.99,473.84
926,21,2026/9/8,449.99,499.99,474.54
927,23,2025/4/16,472.99,599.99,524.8
928,23,2025/4/23,472.99,599.99,524.13
929,23,2025/5/1,472.99,599.99,524.4
930,23,2025/5/8,472.99,599.99,523.88
931,23,2025/5/15,472.99,599.99,525.29
932,23,2025/5/23,472.99,599.99,523.91
933,23,2025/6/1,472.99,619,528.28
934,23,2025/6/8,429.99,599.99,523.06
935,23,2025/6/15,429.99,599.99,520.36
936,23,2025/6/23,429.99,650.03,513.1
937,23,2025/7/1,429.99,647.37,509.21
938,23,2025/7/8,429.99,647.39,510.02
939,23,2025/7/15,429.99,631.24,504.36
940,23,2025/7/23,428.33,631.24,504.09
941,23,2025/8/1,429.99,631.24,497.85
942,23,2025/8/8,429.99,589.99,497.34
943,23,2025/8/15,429.99,589.99,494.44
944,23,2025/8/23,429.99,649,503.23
945,23,2025/9/1,429.99,656.65,501.66
946,23,2025/9/8,429.99,656.65,500.34
947,23,2025/9/15,429.99,656.65,494.93
948,23,2025/9/23,379,656.65,498.83
949,23,2025/10/1,419.99,599.99,490.27
950,23,2025/10/8,417.99,656.14,492.66
951,23,2025/10/15,429.99,599.99,492.55
952,23,2025/10/23,429.99,599.99,490.7
953,23,2025/11/1,429.99,600,496.38
954,23,2025/11/8,429.99,628.51,496.75
955,23,2025/11/15,429.99,657.74,496.91
956,23,2025/11/23,399.99,628.51,485.24
957,23,2025/12/1,399.99,657.74,491.91
958,23,2025/12/8,416.99,659,502.53
959,23,2025/12/15,416.99,648.24,501.66
960,23,2025/12/23,429.99,680.01,508.16
961,23,2026/1/1,429.99,675.85,512.62
962,23,2026/1/8,429.99,683.99,516.13
963,23,2026/1/15,429.99,646.76,509.42
964,23,2026/1/23,429.99,680.01,546.3
965,23,2026/2/1,429.99,730.9,572.17
966,23,2026/2/8,429.99,699,568.79
967,23,2026/2/15,429.99,679.99,555.31
968,23,2026/2/23,455.99,679.99,566.02
969,23,2026/3/1,455.99,698.99,574.28
970,23,2026/3/8,455.99,679.99,567.17
971,23,2026/3/15,455.99,679.99,563.58
972,23,2026/3/23,487.99,629.96,563.16
973,23,2026/4/1,455.99,679.99,564.08
974,23,2026/4/8,455.99,679.99,560.42
975,23,2026/4/15,455.99,679.99,563.1
976,23,2026/4/23,429.99,699,562.03
977,23,2026/5/1,455.99,678.97,564.28
978,23,2026/5/8,455.99,686.42,568.46
979,23,2026/5/15,479.99,699,581.22
980,23,2026/5/23,487.99,696.49,579.91
981,23,2026/6/1,487.99,696.49,578.41
982,23,2026/6/8,487.99,659,575.2
983,23,2026/6/15,487.99,649.99,569.62
984,23,2026/6/23,475.99,699,575.71
985,23,2026/7/1,475.99,669,566.96
986,23,2026/7/8,475.99,674.99,570.69
987,23,2026/7/15,519.99,649.99,580.64
988,23,2026/7/23,487.99,674.99,572.74
989,23,2026/8/1,519.95,899.99,646.55
990,23,2026/8/8,539.99,1038.44,724.34
991,23,2026/8/15,739.99,899.99,800.03
992,23,2026/8/23,699,849.99,786.84
993,23,2026/9/1,739.99,829.99,789.84
994,23,2026/9/8,749.99,847.99,804.87
995,22,2025/4/16,419.99,469.99,442.95
996,22,2025/4/23,419.99,469.99,442.95
997,22,2025/5/1,419.99,469.99,443.2
998,22,2025/5/8,419.99,469.99,443.88
999,22,2025/5/15,419.99,469.99,441.6
1000,22,2025/5/23,419.99,469.99,445.68
1001,22,2025/6/1,389.99,469.99,434.53
1002,22,2025/6/8,379.99,469.99,415.77
1003,22,2025/6/15,379.99,469.99,415.06
1004,22,2025/6/23,379.99,487.99,415.73
1005,22,2025/7/1,369.99,469.99,409.39
1006,22,2025/7/8,349.99,461.99,400.81
1007,22,2025/7/15,349.99,469.99,403.46
1008,22,2025/7/23,353.48,469.99,405.27
1009,22,2025/8/1,349.99,479.99,401.12
1010,22,2025/8/8,344.99,479.99,398.48
1011,22,2025/8/15,344.99,479.99,398.74
1012,22,2025/8/23,339.99,437.99,384.4
1013,22,2025/9/1,339.99,437.99,386.14
1014,22,2025/9/8,344.99,437.99,387.71
1015,22,2025/9/15,344.99,437.99,388.11
1016,22,2025/9/23,300,479.99,393.09
1017,22,2025/10/1,349.99,479.99,394.81
1018,22,2025/10/8,349.99,493.56,391.13
1019,22,2025/10/15,349.99,479.99,394.08
1020,22,2025/10/23,349.99,479.99,396
1021,22,2025/11/1,339.99,469.99,391.93
1022,22,2025/11/8,339.99,469.99,388
1023,22,2025/11/15,339.99,469.99,389.71
1024,22,2025/11/23,299.99,453.3,376.14
1025,22,2025/12/1,299.99,453.82,376.68
1026,22,2025/12/8,332.99,469.99,395.1
1027,22,2025/12/15,334.99,474.97,392.1
1028,22,2025/12/23,339.49,469.99,388.42
1029,22,2026/1/1,339.49,492.51,401.39
1030,22,2026/1/8,296.99,469.99,395.49
1031,22,2026/1/15,296.99,469.99,394.69
1032,22,2026/1/23,329.99,540,425.31
1033,22,2026/2/1,339.49,546.47,424.96
1034,22,2026/2/8,339.49,569.29,423.67
1035,22,2026/2/15,339.49,519.99,432.19
1036,22,2026/2/23,339.49,519.99,429.37
1037,22,2026/3/1,370.99,619.12,460.8
1038,22,2026/3/8,370.99,519.99,437.23
1039,22,2026/3/15,370.99,599.99,449.08
1040,22,2026/3/23,363.99,545.39,433.28
1041,22,2026/4/1,370.99,519.99,440.28
1042,22,2026/4/8,370.99,589.99,454.62
1043,22,2026/4/15,370.99,589.99,454.71
1044,22,2026/4/23,370.99,561.59,444.93
1045,22,2026/5/1,370.99,578.49,444.58
1046,22,2026/5/8,370.99,551.49,442.1
1047,22,2026/5/15,370.99,599.99,453.06
1048,22,2026/5/23,370.99,578.49,445.5
1049,22,2026/6/1,369.99,589.99,453.84
1050,22,2026/6/8,369.99,575.64,451.07
1051,22,2026/6/15,369.99,560.49,447.83
1052,22,2026/6/23,349.99,575.69,447.92
1053,22,2026/7/1,369.99,561.32,444.22
1054,22,2026/7/8,359.99,547.99,440.82
1055,22,2026/7/15,359.99,561.32,436.6
1056,22,2026/7/23,359.99,565,437.01
1057,22,2026/8/1,374.99,648,476.53
1058,22,2026/8/8,429.99,609.99,522.61
1059,22,2026/8/15,439,609.99,530.11
1060,22,2026/8/23,479.99,609.99,534.45
1061,22,2026/9/1,499.99,609.99,535.83
1062,22,2026/9/8,499.99,609.99,536.91
1063,24,2025/2/1,549.99,549.99,549.99
1064,24,2025/2/8,549.99,549.99,549.99
1065,24,2025/2/15,549.99,549.99,549.99
1066,24,2025/2/23,549.99,549.99,549.99
1067,24,2025/3/1,549.99,549.99,549.99
1068,24,2025/3/8,549.99,739.99,632.68
1069,24,2025/3/15,549.99,769.99,641.06
1070,24,2025/3/23,499,989,691.62
1071,24,2025/4/1,549.99,945,689.45
1072,24,2025/4/8,479,949.99,686.54
1073,24,2025/4/15,549.99,799.99,680.33
1074,24,2025/4/23,549.99,865,693.81
1075,24,2025/5/1,549.99,853.15,699.55
1076,24,2025/5/8,549.99,853.16,692.46
1077,24,2025/5/15,549.99,853.16,691.2
1078,24,2025/5/23,549.99,853.16,684.99
1079,24,2025/6/1,549.99,899.99,685.24
1080,24,2025/6/8,549.99,818.23,671.77
1081,24,2025/6/15,549.99,842.96,670.39
1082,24,2025/6/23,549.99,849.99,670.88
1083,24,2025/7/1,549.99,829.14,663.76
1084,24,2025/7/8,539.99,769.99,638.91
1085,24,2025/7/15,549.99,769.99,646.78
1086,24,2025/7/23,549.99,799.99,643.9
1087,24,2025/8/1,549.99,799.99,621.99
1088,24,2025/8/8,529.99,829.99,633.48
1089,24,2025/8/15,529.99,769.99,613.59
1090,24,2025/8/23,549.99,769.99,612.89
1091,24,2025/9/1,523.79,769.99,603.53
1092,24,2025/9/8,545.99,769.99,593.41
1093,24,2025/9/15,545.99,739.99,595.16
1094,24,2025/9/23,523.79,769.95,592.31
1095,24,2025/10/1,542.99,829.99,617.93
1096,24,2025/10/8,539.99,769.95,595.83
1097,24,2025/10/15,499.99,769.95,597.61
1098,24,2025/10/23,499.99,779.99,600.36
1099,24,2025/11/1,499.99,749.99,592.02
1100,24,2025/11/8,529,740.91,591.69
1101,24,2025/11/15,525.99,739.99,590.26
1102,24,2025/11/23,499.99,669.99,565.94
1103,24,2025/12/1,499.99,669.99,567.07
1104,24,2025/12/8,519.49,829.99,616.74
1105,24,2025/12/15,499.99,829.99,612.03
1106,24,2025/12/23,519.49,791.35,595.8
1107,24,2026/1/1,399.99,829.99,622.04
1108,24,2026/1/8,519.49,829.99,623.12
1109,24,2026/1/15,539.99,829.99,628.34
1110,24,2026/1/23,539.99,904.97,682.36
1111,24,2026/2/1,519.49,930.68,689.54
1112,24,2026/2/8,539.99,904.97,691.62
1113,24,2026/2/15,539.99,799.99,673.98
1114,24,2026/2/23,539.99,904.97,687.5
1115,24,2026/3/1,549.99,759.99,658.41
1116,24,2026/3/8,549.99,779.99,664.28
1117,24,2026/3/15,549.99,779.99,667.38
1118,24,2026/3/23,549.99,779.99,667.23
1119,24,2026/4/1,549.99,779.99,664.22
1120,24,2026/4/8,549.99,779.99,666.7
1121,24,2026/4/15,549.99,779.99,666.45
1122,24,2026/4/23,578.99,779.99,669.35
1123,24,2026/5/1,578.99,769.95,663.34
1124,24,2026/5/8,599.99,759.99,662.41
1125,24,2026/5/15,549.99,769.99,662.51
1126,24,2026/5/23,549.99,769.99,664.71
1127,24,2026/6/1,539.99,851.47,678.16
1128,24,2026/6/8,519.49,861.75,674.74
1129,24,2026/6/15,549.99,799.99,668.73
1130,24,2026/6/23,539.99,799.99,669.25
1131,24,2026/7/1,549.99,799.99,668
1132,24,2026/7/8,549.99,769.99,665.9
1133,24,2026/7/15,549.99,769.99,668.13
1134,24,2026/7/23,549.99,769.99,664.5
1135,24,2026/8/1,539.99,949.99,730.08
1136,24,2026/8/8,629.99,971.1,804.85
1137,24,2026/8/15,669.99,1039.99,851.11
1138,24,2026/8/23,699.99,1004.99,849.96
1139,24,2026/9/1,669.99,1039.99,861.01
1140,24,2026/9/8,699.99,953.99,850.5
1141,25,2025/2/15,899.99,999.99,954.99
1142,25,2025/2/23,749.99,999.99,857.49
1143,25,2025/3/1,749.99,1869,1069.96
1144,25,2025/3/8,749.99,1424.99,1010.94
1145,25,2025/3/15,749.99,1399,994.96
1146,25,2025/3/23,749.99,1399.99,972.52
1147,25,2025/4/1,749.99,1149.99,922.3
1148,25,2025/4/8,749.99,1428.99,983.58
1149,25,2025/4/15,699,1299.99,937.19
1150,25,2025/4/23,749.99,1199,949.06
1151,25,2025/5/1,749.99,1199.99,961.22
1152,25,2025/5/8,749.99,1189.99,941.95
1153,25,2025/5/15,749.99,1108.24,940.46
1154,25,2025/5/23,749.99,1249.99,974.37
1155,25,2025/6/1,749.99,1259.99,971.59
1156,25,2025/6/8,749.99,1149,948.4
1157,25,2025/6/15,749.99,1149.99,945.12
1158,25,2025/6/23,749.99,1148.94,941
1159,25,2025/7/1,749.99,1169,941.93
1160,25,2025/7/8,749.99,1149,947.64
1161,25,2025/7/15,749.99,1149,919.84
1162,25,2025/7/23,749.99,1149,916.04
1163,25,2025/8/1,749.99,1121.07,894.53
1164,25,2025/8/8,749.99,1216.1,906.48
1165,25,2025/8/15,749.99,1251.83,908.19
1166,25,2025/8/23,749.99,1216.15,896.5
1167,25,2025/9/1,749.99,1209.99,868.19
1168,25,2025/9/8,749.99,1099,858.45
1169,25,2025/9/15,749.99,1099,860.97
1170,25,2025/9/23,749.99,1099,867.85
1171,25,2025/10/1,749.99,1039.99,848.41
1172,25,2025/10/8,749.99,999,826.32
1173,25,2025/10/15,749.99,1059.99,843.62
1174,25,2025/10/23,749.99,969.99,822.39
1175,25,2025/11/1,749.99,969.99,824.73
1176,25,2025/11/8,749.99,999.99,835.16
1177,25,2025/11/15,749.99,999.99,834.67
1178,25,2025/11/23,749.99,999.99,827.48
1179,25,2025/12/1,749.99,1041.21,840.35
1180,25,2025/12/8,729.99,1079.99,869.31
1181,25,2025/12/15,749.99,1099,871.84
1182,25,2025/12/23,749.99,1144.99,872.47
1183,25,2026/1/1,749.99,1099,878.55
1184,25,2026/1/8,749.99,1245.31,923.92
1185,25,2026/1/15,749.99,1298.88,933.66
1186,25,2026/1/23,749.99,1495,1028.08
1187,25,2026/2/1,749.99,1495,1033.46
1188,25,2026/2/8,749.99,1349.97,1013.85
1189,25,2026/2/15,749.99,1299,1001.36
1190,25,2026/2/23,749.99,1299,1015.79
1191,25,2026/3/1,749.99,1399,1052.68
1192,25,2026/3/8,749.99,1299.99,1015.35
1193,25,2026/3/15,794.99,1299,1031.75
1194,25,2026/3/23,794.99,1269.99,1029
1195,25,2026/4/1,749.99,1306.93,1036.9
1196,25,2026/4/8,749.99,1389,1052.02
1197,25,2026/4/15,794.99,1299,1037.22
1198,25,2026/4/23,829.99,1279.99,1031.16
1199,25,2026/5/1,794.99,1299,1031.01
1200,25,2026/5/8,829.99,1299.99,1060.81
1201,25,2026/5/15,794.99,1313.15,1042.68
1202,25,2026/5/23,794.99,1313.15,1043.05
1203,25,2026/6/1,749.99,1401,1051.26
1204,25,2026/6/8,749.99,1379,1048.11
1205,25,2026/6/15,749.99,1389,1052.53
1206,25,2026/6/23,749.99,1399.99,1038.08
1207,25,2026/7/1,794.99,1299.99,1038.97
1208,25,2026/7/8,749.99,1299.99,1034.16
1209,25,2026/7/15,794.99,1299,1041.57
1210,25,2026/7/23,829.99,1329,1050.92
1211,25,2026/8/1,959.95,1369.99,1123.48
1212,25,2026/8/8,959.95,1438.17,1204.87
1213,25,2026/8/15,1039.99,1497.94,1251.01
1214,25,2026/8/23,1039.99,1449.99,1231.69
1215,25,2026/9/1,1039.99,1424.91,1232.22
1216,25,2026/9/8,1039.99,1424.91,1235.78
1217,26,2025/1/23,1129.99,1399.99,1241.24
1218,26,2025/2/1,1149.99,1349.99,1240.58
1219,26,2025/2/8,1099.99,2049.99,1476.4
1220,26,2025/2/15,1099.99,2449,1650.77
1221,26,2025/2/23,1249.99,2384.99,1645.39
1222,26,2025/3/1,999.99,2399.99,1633.23
1223,26,2025/3/8,999.99,2419,1652.44
1224,26,2025/3/15,999.99,2189.99,1565.73
1225,26,2025/3/23,999.99,1999.99,1515.37
1226,26,2025/4/1,1199.99,1999.95,1569.59
1227,26,2025/4/8,1199.99,1999.97,1523.65
1228,26,2025/4/15,999.99,2099.99,1534.89
1229,26,2025/4/23,999.99,2119,1543.91
1230,26,2025/5/1,999.99,2047,1553.27
1231,26,2025/5/8,999.99,1966.97,1557.44
1232,26,2025/5/15,1249.99,1999.95,1595.7
1233,26,2025/5/23,999.99,2089.97,1572.53
1234,26,2025/6/1,999.99,1999.97,1573.08
1235,26,2025/6/8,1249.99,2029.99,1583.01
1236,26,2025/6/15,1249.99,1982.76,1578.16
1237,26,2025/6/23,1249.99,1888.99,1568.78
1238,26,2025/7/1,1249.99,1989.99,1579.48
1239,26,2025/7/8,1264.99,1945,1583.45
1240,26,2025/7/15,1099.99,1973,1538.75
1241,26,2025/7/23,1099.99,1999.99,1538.94
1242,26,2025/8/1,999.99,1973,1500.26
1243,26,2025/8/8,999.99,1985.99,1500.57
1244,26,2025/8/15,999.99,1973,1456.73
1245,26,2025/8/23,999.99,1973,1388.36
1246,26,2025/9/1,999.99,1799.99,1378.55
1247,26,2025/9/8,999,1948.98,1359.58
1248,26,2025/9/15,999.99,1799.99,1339.96
1249,26,2025/9/23,999.99,1869.9,1370.07
1250,26,2025/10/1,999,1999,1391.21
1251,26,2025/10/8,999.99,1949,1350.74
1252,26,2025/10/15,979.99,1949,1359.43
1253,26,2025/10/23,999.99,1869.9,1347.74
1254,26,2025/11/1,999,1869.9,1346.92
1255,26,2025/11/8,989,1973,1397.55
1256,26,2025/11/15,989,1973,1389.35
1257,26,2025/11/23,989,2117.9,1392.92
1258,26,2025/12/1,989,2196.59,1421.96
1259,26,2025/12/8,989,1997,1429.01
1260,26,2025/12/15,999.99,1988.47,1451.54
1261,26,2025/12/23,999.99,1973,1445.78
1262,26,2026/1/1,999.99,1973,1455.46
1263,26,2026/1/8,999.99,1974,1485.55
1264,26,2026/1/15,999.99,2222.9,1495.47
1265,26,2026/1/23,999.99,2259.99,1556.94
1266,26,2026/2/1,999.99,2300.2,1588.73
1267,26,2026/2/8,999,2398,1591.49
1268,26,2026/2/15,999,2049.99,1537.7
1269,26,2026/2/23,999,2049.99,1573.35
1270,26,2026/3/1,999,2498,1601.7
1271,26,2026/3/8,999,2200.94,1565.78
1272,26,2026/3/15,999,2399.24,1581.98
1273,26,2026/3/23,999,2201.39,1567.1
1274,26,2026/4/1,999,2066.99,1546.03
1275,26,2026/4/8,999,2049.99,1551.29
1276,26,2026/4/15,999,2049.99,1554.65
1277,26,2026/4/23,999,2072.24,1557.6
1278,26,2026/5/1,999,2049.99,1557
1279,26,2026/5/8,999,2335.25,1582.14
1280,26,2026/5/15,999,2349.99,1588.95
1281,26,2026/5/23,999,2049.99,1564.52
1282,26,2026/6/1,999,2395.9,1586.5
1283,26,2026/6/8,999,2066.99,1559.86
1284,26,2026/6/15,999,2229.99,1572.87
1285,26,2026/6/23,999,2193.31,1568.73
1286,26,2026/7/1,999,2049.99,1531.38
1287,26,2026/7/8,999.99,2066.99,1545.77
1288,26,2026/7/15,999.99,2229.99,1563.1
1289,26,2026/7/23,999.99,2049.99,1550.49
1290,26,2026/8/1,999.99,2229.99,1637.84
1291,26,2026/8/8,999.99,2229.99,1707.12
1292,26,2026/8/15,1249.99,2229.99,1763.18
1293,26,2026/8/23,1249.99,2299,1763.8
1294,26,2026/9/1,1449.99,2235.99,1800.33
1295,26,2026/9/8,1259.99,2235.99,1802.64
1296,27,2025/1/23,1999.99,2499.99,2315.7
1297,27,2025/2/1,1999.99,2799.99,2396.66
1298,27,2025/2/8,2529.99,2849.99,2698.12
1299,27,2025/2/15,2399.99,2799.99,2663.84
1300,27,2025/2/23,2249.99,3079.99,2678.81
1301,27,2025/3/1,1999.99,3666.66,2726.5
1302,27,2025/3/8,1999.99,4499,3118.06
1303,27,2025/3/15,1999.99,4564,3256.65
1304,27,2025/3/23,1999,4491,3267.99
1305,27,2025/4/1,1999.99,4389.99,3276.76
1306,27,2025/4/8,1999.99,4699.99,3215.99
1307,27,2025/4/15,1839,4499.99,3121.59
1308,27,2025/4/23,1999.99,4598.99,3199.95
1309,27,2025/5/1,2639.99,3999.99,3224.66
1310,27,2025/5/8,2639.99,4050,3243.03
1311,27,2025/5/15,2639.99,3719.99,3177.65
1312,27,2025/5/23,2639.99,3899,3181.21
1313,27,2025/6/1,2639.99,3746.99,3153.23
1314,27,2025/6/8,2639.99,3719.99,3144.12
1315,27,2025/6/15,2759.99,3550,3098.15
1316,27,2025/6/23,2639.99,3499.99,3066.18
1317,27,2025/7/1,2639.99,3450,3027.72
1318,27,2025/7/8,2499.99,3499.99,2997.65
1319,27,2025/7/15,2499.99,3359.99,2929.97
1320,27,2025/7/23,2499.99,3719.99,2935.56
1321,27,2025/8/1,2399.99,3359.99,2856.43
1322,27,2025/8/8,1999.99,3399.99,2802.35
1323,27,2025/8/15,1999.99,3619.99,2790.18
1324,27,2025/8/23,1999.99,3862.99,2742.81
1325,27,2025/9/1,1999.99,3862.99,2705.12
1326,27,2025/9/8,1999.99,3719.99,2699.69
1327,27,2025/9/15,1999.99,3719.99,2673.12
1328,27,2025/9/23,1999.99,3719.99,2716.4
1329,27,2025/10/1,1999.99,3719.99,2746.39
1330,27,2025/10/8,1999.99,3719.99,2749.75
1331,27,2025/10/15,1999.99,3719.99,2764.91
1332,27,2025/10/23,1999.99,3719.99,2836.87
1333,27,2025/11/1,1999.99,4099,2933.78
1334,27,2025/11/8,1999.99,4419.9,2932.02
1335,27,2025/11/15,1999.99,4419.9,2906.54
1336,27,2025/11/23,1999.99,4419.9,2944.47
1337,27,2025/12/1,1999.99,4419.9,2973.57
1338,27,2025/12/8,1999.99,4419.9,3000.88
1339,27,2025/12/15,1999.99,4419.9,2982.35
1340,27,2025/12/23,1999.99,4419.9,3002.05
1341,27,2026/1/1,1999.99,4419.9,3033.35
1342,27,2026/1/8,1999.99,4999,3174.59
1343,27,2026/1/15,1999.99,4799,3154.91
1344,27,2026/1/23,1999.99,4799.97,3353.11
1345,27,2026/2/1,2499.99,4799.97,3574.8
1346,27,2026/2/8,2599.99,4799.97,3702.96
1347,27,2026/2/15,2599.99,4599.99,3694.84
1348,27,2026/2/23,2599.99,4847.21,3659.01
1349,27,2026/3/1,2909.99,4499.99,3830.68
1350,27,2026/3/8,2865.29,4499.99,3761.47
1351,27,2026/3/15,2835.51,4499.99,3779.14
1352,27,2026/3/23,2835.51,4599.99,3801.17
1353,27,2026/4/1,2835.51,4499,3766.31
1354,27,2026/4/8,3109.99,4499,3844.8
1355,27,2026/4/15,3109.99,4499,3809.62
1356,27,2026/4/23,3109.99,4418,3790.35
1357,27,2026/5/1,2835.51,4799,3804.59
1358,27,2026/5/8,3285.99,4399.99,3848.16
1359,27,2026/5/15,3285.99,4450,3891.93
1360,27,2026/5/23,3199,4599,3912.34
1361,27,2026/6/1,3199,4799,4069.08
1362,27,2026/6/8,3199,4699.99,4184.78
1363,27,2026/6/15,3199,4799.99,4229.83
1364,27,2026/6/23,3199,4999,4233.64
1365,27,2026/7/1,3539.99,4679,4233.99
1366,27,2026/7/8,3620.52,4899,4267.62
1367,27,2026/7/15,3720.12,4679,4265.91
1368,27,2026/7/23,3539.99,4679,4208.85
1369,27,2026/8/1,4099.95,4929.99,4455.55
1370,27,2026/8/8,4099.99,4929.99,4528.46
1371,27,2026/8/15,4099.99,5397,4636.57
1372,27,2026/8/23,4099.99,5319.99,4699.32
1373,27,2026/9/1,4099.99,5769.99,4795.46
1374,27,2026/9/8,4099.99,5769.41,4721.49
1375,28,2023/6/1,269.99,289.99,275.64
1376,28,2023/6/8,257,289.99,273.91
1377,28,2023/6/15,249.99,279.99,265.99
1378,28,2023/6/23,257.99,289.99,272.86
1379,28,2023/7/1,257.99,309.99,277.55
1380,28,2023/7/8,254.99,289.99,269.08
1381,28,2023/7/15,257.99,289.99,272.42
1382,28,2023/7/23,257.99,289.99,272.18
1383,28,2023/8/1,254.99,291.99,273.92
1384,28,2023/8/8,257.99,291.99,272.95
1385,28,2023/8/15,269.99,269.99,269.99
1386,28,2023/8/23,254.99,289.99,270.87
1387,28,2023/9/1,254.99,289.99,270.8
1388,28,2023/9/8,249.99,289.99,268.87
1389,28,2023/9/15,249.99,279.99,267.55
1390,28,2023/9/23,249,279.99,265.88
1391,28,2023/10/1,257.99,289.99,273.8
1392,28,2023/10/8,239.99,279.99,262.91
1393,28,2023/10/15,249.99,289.99,268.84
1394,28,2023/10/23,249.99,289.99,271.03
1395,28,2023/11/1,259.99,289.99,270.18
1396,28,2023/11/8,259.99,289.99,272.21
1397,28,2023/11/15,249.99,289.99,271.3
1398,28,2023/11/23,239.99,279.99,258.64
1399,28,2023/12/1,239.99,294.99,264.96
1400,28,2023/12/8,259.99,289.99,272.45
1401,28,2023/12/15,259.99,306.05,276.4
1402,28,2023/12/23,259.99,289.99,273.9
1403,28,2024/1/1,269.99,306.05,277.64
1404,28,2024/1/8,259.99,306.12,276.78
1405,28,2024/1/15,269.99,306.12,277.54
1406,28,2024/1/23,269.99,289.99,275.21
1407,28,2024/2/1,259.99,289.99,273.17
1408,28,2024/2/8,259.99,289.99,273.32
1409,28,2024/2/15,259.99,289.99,272.88
1410,28,2024/2/23,259.99,289.99,271.48
1411,28,2024/3/1,259.99,289.99,273.79
1412,28,2024/3/8,259.99,289.99,271.48
1413,28,2024/3/15,259.99,289.99,273.14
1414,28,2024/3/23,259.99,289.99,273.55
1415,28,2024/4/1,259.99,319.99,277.9
1416,28,2024/4/8,259.99,339.99,284.76
1417,28,2024/4/15,259.99,289.99,272.49
1418,28,2024/4/23,259.99,289.99,271.73
1419,28,2024/5/1,249.99,299.99,271.95
1420,28,2024/5/8,259.99,299.99,272.03
1421,28,2024/5/15,259.99,299.99,271.15
1422,28,2024/5/23,259.99,299.99,270.38
1423,28,2024/6/1,239.99,319.99,273.99
1424,28,2024/6/8,249.99,319.99,273.55
1425,28,2024/6/15,249.99,299.99,269.19
1426,28,2024/6/23,235.59,299,267.37
1427,28,2024/7/1,249.99,323.99,277.42
1428,28,2024/7/8,249.99,279.99,263.73
1429,28,2024/7/15,249.99,289.99,266.02
1430,28,2024/7/23,249.99,319.99,273.97
1431,28,2024/8/1,249.99,319.99,275.58
1432,28,2024/8/8,239.99,299,269.3
1433,28,2024/8/15,232.19,299,268.21
1434,28,2024/8/23,249.97,289.99,266.68
1435,28,2024/9/1,249.99,319.99,275.49
1436,28,2024/9/8,249.99,319.99,274.97
1437,28,2024/9/15,249.99,299,267.4
1438,28,2024/9/23,249.99,289.99,262.82
1439,28,2024/10/1,249.99,339.99,279.73
1440,28,2024/10/8,249.99,299,266.31
1441,28,2024/10/15,249.99,339.99,279.38
1442,28,2024/10/23,249.99,297,266.29
1443,28,2024/11/1,249.99,319.99,270.32
1444,28,2024/11/8,249.99,339.99,281.27
1445,28,2024/11/15,249.99,319.99,274.15
1446,28,2024/11/23,229.99,319.99,268.48
1447,28,2024/12/1,229.99,299.99,266.57
1448,28,2024/12/8,242.99,339.99,276.05
1449,28,2024/12/15,249.99,339.99,279.25
1450,28,2024/12/23,229.99,339.99,280.38
1451,28,2025/1/1,251.99,319.99,276.14
1452,28,2025/1/8,242.99,289.99,266.02
1453,28,2025/1/15,249.97,289.99,270.42
1454,28,2025/1/23,242.99,289.99,267.67
1455,28,2025/2/1,259.99,289.99,269.52
1456,28,2025/2/8,242.99,286.99,268.14
1457,28,2025/2/15,259.99,286.99,272.57
1458,28,2025/2/23,249.99,299.99,276.38
1459,28,2025/3/1,249.99,294.99,275.41
1460,28,2025/3/8,269.99,294.99,279.88
1461,28,2025/3/15,259.99,309.99,279.75
1462,28,2025/3/23,259.99,339.99,288.94
1463,28,2025/4/1,269.99,399.08,315.64
1464,28,2025/4/8,269.99,419.66,317.8
1465,28,2025/4/15,269.99,420.42,326.09
1466,28,2025/4/23,274.99,383.39,323.1
1467,28,2025/5/1,274.99,400.81,333.18
1468,28,2025/5/8,274.99,386.38,330.56
1469,28,2025/5/15,274.99,480,340.84
1470,28,2025/5/23,279.99,389,326.18
1471,28,2025/6/1,279.99,396.75,325.83
1472,28,2025/6/8,279.99,395.12,327.04
1473,28,2025/6/15,274.99,389,322.87
1474,28,2025/6/23,274.99,389,326.22
1475,28,2025/7/1,274.99,339.99,307.83
1476,28,2025/7/8,274.99,457.89,335.82
1477,28,2025/7/15,274.99,369.95,319.91
1478,28,2025/7/23,274.99,376.72,321.91
1479,28,2025/8/1,274.99,370.49,321.01
1480,28,2025/8/8,274.99,378,308.3
1481,28,2025/8/15,229.99,346.48,290.72
1482,28,2025/8/23,229.99,340,285.05
1483,28,2025/9/1,239.99,359,293.49
1484,28,2025/9/8,249.99,483.83,319.25
1485,28,2025/9/15,249.99,502.99,346.36
1486,28,2025/9/23,239.99,406.45,297.12
1487,28,2025/10/1,239.99,359,289.71
1488,28,2025/10/8,239.99,359,300.44
1489,28,2025/10/15,249.99,359,301.69
1490,28,2025/10/23,239.99,467.91,299.26
1491,28,2025/11/1,239.99,459.6,298.37
1492,28,2025/11/8,239.99,455.66,295.86
1493,28,2025/11/15,239.99,439.58,295.31
1494,28,2025/11/23,239.99,346.93,292.28
1495,28,2025/12/1,239.99,346.2,294.41
1496,28,2025/12/8,239.99,346.2,297.02
1497,28,2025/12/15,239.99,346.2,297
1498,28,2025/12/23,239.99,347.34,299.06
1499,28,2026/1/1,249.99,348.5,303.12
1500,28,2026/1/8,249.99,349.89,302.17
1501,28,2026/1/15,249.99,357.29,305.59
1502,28,2026/1/23,249.99,379.64,304.68
1503,28,2026/2/1,249.99,434.74,314.39
1504,28,2026/2/8,274.99,384.27,310.19
1505,28,2026/2/15,274.99,339.99,299.68
1506,28,2026/2/23,274.99,339.99,299.68
1507,28,2026/3/1,279.99,349,309.58
1508,28,2026/3/8,279.99,349,309.58
1509,28,2026/3/15,279.99,359,314.58
1510,28,2026/3/23,279.99,359,314.58
1511,28,2026/4/1,279.99,359,314.58
1512,28,2026/4/8,279.99,359,310.35
1513,28,2026/4/15,289.99,359,314.66
1514,28,2026/4/23,279.99,359,306.87
1515,28,2026/5/1,279.99,359,306.87
1516,28,2026/5/8,279.99,302.49,290.85
1517,28,2026/5/15,279.99,302.49,287.99
1518,28,2026/5/23,279.99,302.49,287.99
1519,28,2026/6/1,259.99,379,306.99
1520,28,2026/6/8,279.99,379,307.49
1521,28,2026/6/15,279.99,410.31,311.4
1522,28,2026/6/23,279.99,398.91,308.73
1523,28,2026/7/1,279.99,395.57,310.81
1524,28,2026/7/8,279.99,403.5,314.37
1525,28,2026/7/15,269.99,302.49,288.7
1526,28,2026/7/23,279.99,339.99,303.24
1527,28,2026/8/1,299.99,399.98,326.32
1528,28,2026/8/8,296.99,399.99,339.24
1529,28,2026/8/15,299.99,399.99,334.49
1530,28,2026/8/23,299.99,339.49,319.86
1531,28,2026/9/1,319.99,460,362.37
1532,28,2026/9/8,329,699,441.01
1533,33,2022/12/15,999.99,2299,1456.98
1534,33,2022/12/23,999.99,1718.99,1273.99
1535,33,2023/1/1,999.99,1639,1261.28
1536,33,2023/1/8,999.99,1649.99,1249.37
1537,33,2023/1/15,999.99,1530,1188.99
1538,33,2023/1/23,999.99,1400.99,1210.37
1539,33,2023/2/1,999.99,1259,1139.88
1540,33,2023/2/8,1069.99,1149.99,1107.13
1541,33,2023/2/15,1069.99,1199.99,1115.55
1542,33,2023/2/23,999.99,1199.99,1086.68
1543,33,2023/3/1,999.99,1207.42,1106.52
1544,33,2023/3/8,999.99,1224.99,1095.46
1545,33,2023/3/15,999.99,1196,1082.05
1546,33,2023/3/23,999.99,1233.67,1096.75
1547,33,2023/4/1,999.99,1199.99,1105.14
1548,33,2023/4/8,959.99,1199.99,1098.56
1549,33,2023/4/15,959.99,1199.99,1089.1
1550,33,2023/4/23,969.99,1199.99,1079.19
1551,33,2023/5/1,979.99,1169.99,1077.75
1552,33,2023/5/8,979,1169.99,1058.79
1553,33,2023/5/15,969.99,1149.99,1052.82
1554,33,2023/5/23,949.99,1149.99,1047.95
1555,33,2023/6/1,959.99,1149.99,1054.19
1556,33,2023/6/8,939.99,1149.99,1046.95
1557,33,2023/6/15,979.99,1135.99,1057.18
1558,33,2023/6/23,949.99,1299,1080.86
1559,33,2023/7/1,929.99,1199.99,1057.35
1560,33,2023/7/8,899.99,1239,1045.86
1561,33,2023/7/15,929.99,1263.8,1062.62
1562,33,2023/7/23,939.99,1207.01,1038.12
1563,33,2023/8/1,939.99,1263.8,1055.93
1564,33,2023/8/8,939.99,1199.99,1038.28
1565,33,2023/8/15,959.99,1149.99,1027.74
1566,33,2023/8/23,939.99,1184.77,1025.97
1567,33,2023/9/1,959.99,1269.6,1036.99
1568,33,2023/9/8,949.99,1210.9,1026.52
1569,33,2023/9/15,949,1241.59,1037.28
1570,33,2023/9/23,949,1214.31,1028.31
1571,33,2023/10/1,949,1229.9,1045.94
1572,33,2023/10/8,889.99,1229.9,1030.83
1573,33,2023/10/15,899.99,1229.9,1037.85
1574,33,2023/10/23,949.99,1263.79,1043.92
1575,33,2023/11/1,929.99,1204.27,1038.85
1576,33,2023/11/8,949.99,1247.59,1052.34
1577,33,2023/11/15,949.99,1249.88,1056.31
1578,33,2023/11/23,889.99,1179.06,1017.17
1579,33,2023/12/1,909.99,1269.99,1038.55
1580,33,2023/12/8,949.99,1199,1048.55
1581,33,2023/12/15,959.99,1221.25,1042.48
1582,33,2023/12/23,959.99,1276,1037.87
1583,33,2024/1/1,959.99,1276,1052.61
1584,33,2024/1/8,959.99,1204.4,1052.61
1585,33,2024/1/15,929.99,1210.93,1047.86
1586,33,2024/1/23,944.99,1201.49,1037.85
1587,33,2024/2/1,929.99,1179.99,1027.16
1588,33,2024/2/8,919.99,1298.69,1024.97
1589,33,2024/2/15,919.99,1199.99,1028.32
1590,33,2024/2/23,919.99,1279.66,1037.91
1591,33,2024/3/1,909.99,1261.08,1026.91
1592,33,2024/3/8,909.99,1299,1036.17
1593,33,2024/3/15,909.99,1225.86,1024.07
1594,33,2024/3/23,899.99,1215.88,1017.37
1595,33,2024/4/1,926.73,1212.4,1021.29
1596,33,2024/4/8,899.99,1265.24,1022.77
1597,33,2024/4/15,904.99,1149.99,997.05
1598,33,2024/4/23,849.99,1149.99,989.17
1599,33,2024/5/1,879.99,1099.99,991.22
1600,33,2024/5/8,899.99,1149.99,988.27
1601,33,2024/5/15,899.99,1149,987.72
1602,33,2024/5/23,916.75,1099.99,978.1
1603,33,2024/6/1,899.99,1099.99,986.97
1604,33,2024/6/8,899.99,1099.99,972.42
1605,33,2024/6/15,899.99,1303.46,1008.73
1606,33,2024/6/23,912.13,1165.99,992.32
1607,33,2024/7/1,899.99,1291.72,1014.71
1608,33,2024/7/8,909.99,1165.99,997.71
1609,33,2024/7/15,869.99,1099.99,960.36
1610,33,2024/7/23,909.97,1059.99,975.14
1611,33,2024/8/1,908.99,1099.99,979.98
1612,33,2024/8/8,908.99,1059.99,967.94
1613,33,2024/8/15,908.99,1059.99,972.39
1614,33,2024/8/23,899.99,1099.99,974.1
1615,33,2024/9/1,899.97,1099.99,962.73
1616,33,2024/9/8,879.99,1099.99,965.94
1617,33,2024/9/15,899.97,1099.99,963.08
1618,33,2024/9/23,899.97,1099.99,966.18
1619,33,2024/10/1,899.99,1099.99,975.55
1620,33,2024/10/8,788.49,1179.99,930.02
1621,33,2024/10/15,849.99,1099.99,948.56
1622,33,2024/10/23,869.99,1179.99,958.88
1623,33,2024/11/1,839.99,1179.99,950.24
1624,33,2024/11/8,839.99,1099.99,928.3
1625,33,2024/11/15,839.99,1099.99,935.19
1626,33,2024/11/23,819.99,1206.28,944.81
1627,33,2024/12/1,819.97,1306.39,956.82
1628,33,2024/12/8,839.99,1099.99,956.34
1629,33,2024/12/15,829.99,1296.09,1015.39
1630,33,2024/12/23,849.99,1179.99,959.28
1631,33,2025/1/1,869.99,1179.99,1003.87
1632,33,2025/1/8,929.99,1346.26,1060.97
1633,33,2025/1/15,899.97,1345.98,1047.13
1634,33,2025/1/23,869.99,1379.99,1045.92
1635,33,2025/2/1,829.99,1399.99,1081.08
1636,33,2025/2/8,929.99,1439,1061.73
1637,33,2025/2/15,919.99,1699.99,1318.98
1638,33,2025/2/23,919.99,1699.99,1324.64
1639,33,2025/3/1,979.99,1699.99,1290.83
1640,33,2025/3/8,919.99,1798,1293.81
1641,33,2025/3/15,919.99,1798,1280.84
1642,33,2025/3/23,919.99,1448,1138.53
1643,33,2025/4/1,999.99,1678,1196.32
1644,33,2025/4/8,799.99,1678,1167.26
1645,33,2025/4/15,799.99,1678,1144.51
1646,33,2025/4/23,799.99,1399.99,1106.11
1647,33,2025/5/1,799.99,1319,1086.13
1648,33,2025/5/8,799.99,1349.99,1101.43
1649,33,2025/5/15,799.99,1179.99,1079.3
1650,33,2025/5/23,989.97,1179.99,1082.88
1651,33,2025/6/1,989.97,1289,1105.15
1652,33,2025/6/8,989.97,1289,1101.68
1653,33,2025/6/15,989.97,1239.9,1092.58
1654,33,2025/6/23,799.99,1335.24,1085.04
1655,33,2025/7/1,799.99,1229.99,1043.49
1656,33,2025/7/8,899.99,1335.24,1104.51
1657,33,2025/7/15,899.99,1315,1100.09
1658,33,2025/7/23,899.99,1329,1104.79
1659,33,2025/8/1,899.99,1249.9,1033.63
1660,33,2025/8/8,899.99,1199,1024.22
1661,33,2025/8/15,849.99,1199,1018.66
1662,33,2025/8/23,849.99,1199,1017.1
1663,33,2025/9/1,849.99,1199,1016.44
1664,33,2025/9/8,749.99,1199,1010.2
1665,33,2025/9/15,749.99,1199,988.11
1666,33,2025/9/23,749.99,1179.99,948.34
1667,33,2025/10/1,799.99,1179.99,954.88
1668,33,2025/10/8,749.99,1221.42,963.53
1669,33,2025/10/15,799.99,1349.99,997.5
1670,33,2025/10/23,799.99,1278.75,978.8
1671,33,2025/11/1,799.99,1237.22,978.07
1672,33,2025/11/8,799.99,1490,1018.48
1673,33,2025/11/15,799.99,1498,1036.79
1674,33,2025/11/23,799.99,1490,1041.67
1675,33,2025/12/1,799.99,1490,1019.61
1676,33,2025/12/8,799.99,1490,1034.21
1677,33,2025/12/15,799.99,1490,1032.96
1678,33,2025/12/23,799.99,1490,1046.59
1679,33,2026/1/1,847.99,1490,1074.41
1680,33,2026/1/8,847.99,1490,1103.51
1681,33,2026/1/15,847.99,1485,1055.27
1682,33,2026/1/23,847.99,1527.8,1135.52
1683,33,2026/2/1,879.99,1227.17,1058.71
1684,33,2026/2/8,879.99,1299,1080.79
1685,33,2026/2/15,847.99,1225,1029.21
1686,33,2026/2/23,847.99,1179.99,986.85
1687,33,2026/3/1,879.99,1595,1141.49
1688,33,2026/3/8,879.99,1269.99,1069.14
1689,33,2026/3/15,879.99,1334.31,1083.8
1690,33,2026/3/23,879.99,1429.99,1093.88
1691,33,2026/4/1,879.99,1599,1144.39
1692,33,2026/4/8,879.99,1599,1188.29
1693,33,2026/4/15,879.99,1525,1150.89
1694,33,2026/4/23,879.99,1295,1051.87
1695,33,2026/5/1,879.99,1345.99,1058.24
1696,33,2026/5/8,879.99,1340,1073.32
1697,33,2026/5/15,879.99,1199.99,1039.99
1698,33,2026/5/23,879.99,1340,1056.66
1699,33,2026/6/1,879.99,1289.99,1056.66
1700,33,2026/6/8,879.99,1179.99,1021.24
1701,33,2026/6/15,879.99,1179.99,1017.13
1702,33,2026/6/23,879.99,1179.99,1017.13
1703,33,2026/7/1,879.99,1445.99,1073.99
1704,33,2026/7/8,879.99,1790,1209.99
1705,33,2026/7/15,899.99,1399.99,1069.49
1706,33,2026/7/23,899.99,1399.99,1106.1
1707,33,2026/8/1,929.99,1499,1231.44
1708,33,2026/8/8,985.99,1399,1132.99
1709,33,2026/8/15,985.99,1499,1343.74
1710,33,2026/8/23,1029.99,1799,1330.24
1711,33,2026/9/1,1091.99,1799,1463.33
1712,33,2026/9/8,1799,1799,1799
1713,35,2025/6/8,349.99,519.99,397.67
1714,35,2025/6/15,349.99,479.99,390.93
1715,35,2025/6/23,349.99,539.99,422.66
1716,35,2025/7/1,349.99,514.72,414.64
1717,35,2025/7/8,349.99,524,411.87
1718,35,2025/7/15,349.99,461.27,401.46
1719,35,2025/7/23,349.99,501.39,404.44
1720,35,2025/8/1,349.99,439.99,394.36
1721,35,2025/8/8,349.99,479.99,402.82
1722,35,2025/8/15,349.99,439.99,394.35
1723,35,2025/8/23,349.99,529,417.61
1724,35,2025/9/1,349.99,479.99,397.63
1725,35,2025/9/8,349.99,524,411.14
1726,35,2025/9/15,349.99,399.99,381.99
1727,35,2025/9/23,349.99,524,407.45
1728,35,2025/10/1,349.99,524,409.12
1729,35,2025/10/8,349.99,439.99,385.9
1730,35,2025/10/15,349.99,399.99,378.88
1731,35,2025/10/23,349.99,439.99,390.95
1732,35,2025/11/1,349.99,479.99,401.88
1733,35,2025/11/8,359.99,439.99,399.31
1734,35,2025/11/15,359.99,439.99,398.67
1735,35,2025/11/23,349.99,455.99,392.75
1736,35,2025/12/1,349.99,429.99,391.22
1737,35,2025/12/8,369.99,469.99,403.27
1738,35,2025/12/15,369.99,469.99,403.92
1739,35,2025/12/23,379.99,469.99,410.54
1740,35,2026/1/1,384,524,425.62
1741,35,2026/1/8,389.99,475.98,425.86
1742,35,2026/1/15,389.99,524,440.27
1743,35,2026/1/23,389.99,549.99,463.42
1744,35,2026/2/1,413.49,549.99,480.05
1745,35,2026/2/8,413.49,549.99,478.81
1746,35,2026/2/15,423.99,549.99,479.36
1747,35,2026/2/23,423.99,549.99,484.03
1748,35,2026/3/1,423.99,529.99,482
1749,35,2026/3/8,423.99,584.41,484.07
1750,35,2026/3/15,423.99,573.54,487.36
1751,35,2026/3/23,423.99,549.99,481.1
1752,35,2026/4/1,423.99,549.99,481.14
1753,35,2026/4/8,419.99,549.99,481.08
1754,35,2026/4/15,423.99,592.71,483.27
1755,35,2026/4/23,423.99,553.21,487.03
1756,35,2026/5/1,423.99,529.99,477.34
1757,35,2026/5/8,423.99,544.49,476.48
1758,35,2026/5/15,423.99,515.69,476.45
1759,35,2026/5/23,423.99,553.21,473.76
1760,35,2026/6/1,423.99,537.24,477.75
1761,35,2026/6/8,423.99,537.24,477.12
1762,35,2026/6/15,423.99,548.77,478.28
1763,35,2026/6/23,423.99,553.21,471.51
1764,35,2026/7/1,419.99,563.5,472.07
1765,35,2026/7/8,423.99,553.21,475.79
1766,35,2026/7/15,448.99,529.99,478.62
1767,35,2026/7/23,444.99,549.95,477.34
1768,35,2026/8/1,448.99,619,494.77
1769,35,2026/8/8,469.99,625.23,513.08
1770,35,2026/8/15,479,561.99,523.05
1771,35,2026/8/23,459.99,569.99,516.24
1772,35,2026/9/1,469.99,649.99,534.76
1773,35,2026/9/8,469.99,689.95,547.7
1774,36,2025/3/8,549.99,709.99,644.61
1775,36,2025/3/15,549.99,709.99,644.16
1776,36,2025/3/23,549.99,1060.8,764.17
1777,36,2025/4/1,549.99,980,729.62
1778,36,2025/4/8,549.99,1194,762.63
1779,36,2025/4/15,549.99,1260,775.5
1780,36,2025/4/23,549.99,1195,770.12
1781,36,2025/5/1,549.99,999.99,755.42
1782,36,2025/5/8,549.99,1049.99,743.92
1783,36,2025/5/15,549.99,980,731.14
1784,36,2025/5/23,549.99,899.99,718.87
1785,36,2025/6/1,549.99,898,710.95
1786,36,2025/6/8,549.99,827.94,689.83
1787,36,2025/6/15,599.99,819.99,703.42
1788,36,2025/6/23,549.99,819.99,682.89
1789,36,2025/7/1,549.99,899,705.37
1790,36,2025/7/8,549.99,912.9,703.56
1791,36,2025/7/15,599.99,750.99,671.54
1792,36,2025/7/23,549.99,836.63,680.8
1793,36,2025/8/1,599.99,773.43,673.39
1794,36,2025/8/8,599.99,793.79,679.61
1795,36,2025/8/15,599.99,799.99,672.19
1796,36,2025/8/23,549.99,799.99,676.68
1797,36,2025/9/1,549.99,799.99,667.76
1798,36,2025/9/8,599.99,769.99,668.54
1799,36,2025/9/15,599.99,769.99,673.83
1800,36,2025/9/23,599.99,799.99,670.56
1801,36,2025/10/1,599.99,819.99,682.12
1802,36,2025/10/8,549.99,943.26,653.95
1803,36,2025/10/15,549.99,799.99,652.66
1804,36,2025/10/23,549.99,847.99,651.49
1805,36,2025/11/1,549.99,829.99,646.22
1806,36,2025/11/8,549.99,813.99,644.9
1807,36,2025/11/15,519.99,749.99,623.94
1808,36,2025/11/23,519.99,801.99,618.32
1809,36,2025/12/1,494.99,799.99,593.08
1810,36,2025/12/8,519.99,799.99,619.43
1811,36,2025/12/15,519.99,868.16,641.71
1812,36,2025/12/23,519.99,799.99,624.54
1813,36,2026/1/1,524.99,849.99,652.75
1814,36,2026/1/8,582.99,769.99,646.19
1815,36,2026/1/15,524.99,799.99,649
1816,36,2026/1/23,582.99,877.08,678.02
1817,36,2026/2/1,582.99,877.08,705.18
1818,36,2026/2/8,524.99,885.64,680.53
1819,36,2026/2/15,524.99,799.99,690.73
1820,36,2026/2/23,582.99,799.99,688.7
1821,36,2026/3/1,619.99,874.67,713.52
1822,36,2026/3/8,629.99,845.23,709.1
1823,36,2026/3/15,609.99,851.33,709.87
1824,36,2026/3/23,599.99,859.21,707.82
1825,36,2026/4/1,609.99,799.99,697.54
1826,36,2026/4/8,609.99,859.99,705.04
1827,36,2026/4/15,629.99,769.99,680.76
1828,36,2026/4/23,629.99,739.99,684.28
1829,36,2026/5/1,619.99,720.99,668.95
1830,36,2026/5/8,615.59,769.99,675.02
1831,36,2026/5/15,619.99,769.99,682.6
1832,36,2026/5/23,599.99,732,666.53
1833,36,2026/6/1,599.99,741.99,670.49
1834,36,2026/6/8,599.99,729.99,679.65
1835,36,2026/6/15,599.99,729.99,678.29
1836,36,2026/6/23,579.99,720.99,656.9
1837,36,2026/7/1,599.99,789.95,680.9
1838,36,2026/7/8,599.99,769.99,677.13
1839,36,2026/7/15,579.99,795,675.24
1840,36,2026/7/23,619.99,789.95,687.47
1841,36,2026/8/1,649.95,789.95,696.43
1842,36,2026/8/8,649.95,789.95,704.88
1843,36,2026/8/15,649.99,832.62,721.2
1844,36,2026/8/23,649.99,789.95,709.79
1845,36,2026/9/1,649.99,789.95,710.2
1846,36,2026/9/8,649.99,802.79,716.33
1847,37,2025/3/8,669.99,799.99,752.85
1848,37,2025/3/15,669.99,939.99,768.74
1849,37,2025/3/23,669.99,1749.99,956.71
1850,37,2025/4/1,669.99,1349.95,921.76
1851,37,2025/4/8,669.99,1399.99,959.05
1852,37,2025/4/15,699.99,1349,920.61
1853,37,2025/4/23,699.99,1250,907.92
1854,37,2025/5/1,699.99,1179,901.8
1855,37,2025/5/8,699.99,1103.25,885.7
1856,37,2025/5/15,699.99,1069.95,875.97
1857,37,2025/5/23,699.99,1043.99,865.78
1858,37,2025/6/1,699.99,1043.99,872.84
1859,37,2025/6/8,699.99,1099.99,866.1
1860,37,2025/6/15,659.99,1049.95,851.41
1861,37,2025/6/23,659.99,1043.99,828.75
1862,37,2025/7/1,599.99,1043.99,821.38
1863,37,2025/7/8,659.99,1008.57,803.72
1864,37,2025/7/15,599.99,1052.5,821.64
1865,37,2025/7/23,599.99,1008.57,814.35
1866,37,2025/8/1,599.99,999.95,796.91
1867,37,2025/8/8,659.99,919.99,788.38
1868,37,2025/8/15,599.99,904.99,781.06
1869,37,2025/8/23,659.99,905.99,786.36
1870,37,2025/9/1,599.99,949,765.85
1871,37,2025/9/8,599.99,949,772.42
1872,37,2025/9/15,599.99,949,774.75
1873,37,2025/9/23,599.99,949,762.91
1874,37,2025/10/1,599.99,935.4,756.36
1875,37,2025/10/8,589.99,869.99,728.97
1876,37,2025/10/15,599.99,899.99,746.17
1877,37,2025/10/23,599.99,899.99,740.35
1878,37,2025/11/1,599.99,899.99,739.54
1879,37,2025/11/8,599.99,899.99,737.49
1880,37,2025/11/15,619.99,849.99,725.6
1881,37,2025/11/23,599.99,849.99,709.46
1882,37,2025/12/1,599.99,879.99,708.29
1883,37,2025/12/8,599.99,889.35,725.53
1884,37,2025/12/15,599.99,879.99,721.86
1885,37,2025/12/23,599.99,899.99,715.47
1886,37,2026/1/1,599.99,937,751.13
1887,37,2026/1/8,599.99,965,770.17
1888,37,2026/1/15,635.99,967,778.6
1889,37,2026/1/23,635.99,949,790.27
1890,37,2026/2/1,657.49,967,805.7
1891,37,2026/2/8,699.99,899.99,798.13
1892,37,2026/2/15,699.99,949,809.59
1893,37,2026/2/23,699.99,949,803.02
1894,37,2026/3/1,729.99,908.49,816.1
1895,37,2026/3/8,699.99,949,809.7
1896,37,2026/3/15,699.99,949,808.8
1897,37,2026/3/23,699.99,908.49,803.62
1898,37,2026/4/1,699.99,908.49,791.8
1899,37,2026/4/8,699.99,939.99,806.32
1900,37,2026/4/15,699.99,939.99,797.01
1901,37,2026/4/23,699.99,939.99,800.1
1902,37,2026/5/1,635.99,989.99,795.95
1903,37,2026/5/8,699.99,908.49,792.51
1904,37,2026/5/15,635.99,995,803.06
1905,37,2026/5/23,635.99,939.99,786.58
1906,37,2026/6/1,635.99,953.99,787.6
1907,37,2026/6/8,635.99,989.99,800.3
1908,37,2026/6/15,635.99,989.99,799.68
1909,37,2026/6/23,635.99,979.99,782.1
1910,37,2026/7/1,635.99,989.99,803.34
1911,37,2026/7/8,635.99,998.31,806.74
1912,37,2026/7/15,635.99,998.31,804.47
1913,37,2026/7/23,635.99,998.31,799.06
1914,37,2026/8/1,699.99,999.99,806.62
1915,37,2026/8/8,699.99,939.99,807.29
1916,37,2026/8/15,699.99,939.99,809.45
1917,37,2026/8/23,699.99,946.92,810.06
1918,37,2026/9/1,699.99,989.99,829.88
1919,37,2026/9/8,699.99,989.99,842.84
